Feb 17 00:04:31 kali kernel: Linux version 6.12.38+kali-amd64 (devel@kali.org) (x86_64-linux-gnu-gcc-14 (Debian 14.2.0-19) 14.2.0, GNU ld (GNU Binutils for Debian) 2.44) #1 SMP PREEMPT_DYNAMIC Kali 6.12.38-1kali1 (2025-08-12)
Feb 17 00:04:31 kali kernel: Command line: BOOT_IMAGE=/boot/vmlinuz-6.12.38+kali-amd64 root=UUID=af89d218-8d5b-4054-a5b7-db050b5f62a7 ro quiet splash
Feb 17 00:04:31 kali kernel: BIOS-provided physical RAM map:
Feb 17 00:04:31 kali kernel: BIOS-e820: [mem 0x0000000000000000-0x000000000009fbff] usable
Feb 17 00:04:31 kali kernel: BIOS-e820: [mem 0x000000000009fc00-0x000000000009ffff] reserved
Feb 17 00:04:31 kali kernel: BIOS-e820: [mem 0x00000000000f0000-0x00000000000fffff] reserved
Feb 17 00:04:31 kali kernel: BIOS-e820: [mem 0x0000000000100000-0x000000007ffeffff] usable
Feb 17 00:04:31 kali kernel: BIOS-e820: [mem 0x000000007fff0000-0x000000007fffffff] ACPI data
Feb 17 00:04:31 kali kernel: BIOS-e820: [mem 0x00000000fec00000-0x00000000fec00fff] reserved
Feb 17 00:04:31 kali kernel: BIOS-e820: [mem 0x00000000fee00000-0x00000000fee00fff] reserved
Feb 17 00:04:31 kali kernel: BIOS-e820: [mem 0x00000000fffc0000-0x00000000ffffffff] reserved
Feb 17 00:04:31 kali kernel: NX (Execute Disable) protection: active
Feb 17 00:04:31 kali kernel: APIC: Static calls initialized
Feb 17 00:04:31 kali kernel: SMBIOS 2.5 present.
Feb 17 00:04:31 kali kernel: DMI: innotek GmbH VirtualBox/VirtualBox, BIOS VirtualBox 12/01/2006
Feb 17 00:04:31 kali kernel: DMI: Memory slots populated: 0/0
Feb 17 00:04:31 kali kernel: Hypervisor detected: KVM
Feb 17 00:04:31 kali kernel: kvm-clock: Using msrs 4b564d01 and 4b564d00
Feb 17 00:04:31 kali kernel: kvm-clock: using sched offset of 13662330851 cycles
Feb 17 00:04:31 kali kernel: clocksource: kvm-clock: mask: 0xffffffffffffffff max_cycles: 0x1cd42e4dffb, max_idle_ns: 881590591483 ns
Feb 17 00:04:31 kali kernel: tsc: Detected 2496.008 MHz processor
Feb 17 00:04:31 kali kernel: e820: update [mem 0x00000000-0x00000fff] usable ==> reserved
Feb 17 00:04:31 kali kernel: e820: remove [mem 0x000a0000-0x000fffff] usable
Feb 17 00:04:31 kali kernel: last_pfn = 0x80000 max_arch_pfn = 0x400000000
Feb 17 00:04:31 kali kernel: MTRR map: 3 entries (3 fixed + 0 variable; max 19), built from 8 variable MTRRs
Feb 17 00:04:31 kali kernel: x86/PAT: Configuration [0-7]: WB  WC  UC- UC  WB  WP  UC- WT  
Feb 17 00:04:31 kali kernel: CPU MTRRs all blank - virtualized system.
Feb 17 00:04:31 kali kernel: found SMP MP-table at [mem 0x0009fbf0-0x0009fbff]
Feb 17 00:04:31 kali kernel: RAMDISK: [mem 0x2834d000-0x3019dfff]
Feb 17 00:04:31 kali kernel: ACPI: Early table checksum verification disabled
Feb 17 00:04:31 kali kernel: ACPI: RSDP 0x00000000000E0000 000024 (v02 VBOX  )
Feb 17 00:04:31 kali kernel: ACPI: XSDT 0x000000007FFF0030 00003C (v01 VBOX   VBOXXSDT 00000001 ASL  00000061)
Feb 17 00:04:31 kali kernel: ACPI: FACP 0x000000007FFF00F0 0000F4 (v04 VBOX   VBOXFACP 00000001 ASL  00000061)
Feb 17 00:04:31 kali kernel: ACPI: DSDT 0x000000007FFF02F0 002353 (v02 VBOX   VBOXBIOS 00000002 VBOX 00029BF3)
Feb 17 00:04:31 kali kernel: ACPI: FACS 0x000000007FFF0200 000040
Feb 17 00:04:31 kali kernel: ACPI: FACS 0x000000007FFF0200 000040
Feb 17 00:04:31 kali kernel: ACPI: APIC 0x000000007FFF0240 00005C (v02 VBOX   VBOXAPIC 00000001 ASL  00000061)
Feb 17 00:04:31 kali kernel: ACPI: SSDT 0x000000007FFF02A0 000045 (v01 VBOX   VBOXCPUT 00000002 VBOX 00029BF3)
Feb 17 00:04:31 kali kernel: ACPI: Reserving FACP table memory at [mem 0x7fff00f0-0x7fff01e3]
Feb 17 00:04:31 kali kernel: ACPI: Reserving DSDT table memory at [mem 0x7fff02f0-0x7fff2642]
Feb 17 00:04:31 kali kernel: ACPI: Reserving FACS table memory at [mem 0x7fff0200-0x7fff023f]
Feb 17 00:04:31 kali kernel: ACPI: Reserving FACS table memory at [mem 0x7fff0200-0x7fff023f]
Feb 17 00:04:31 kali kernel: ACPI: Reserving APIC table memory at [mem 0x7fff0240-0x7fff029b]
Feb 17 00:04:31 kali kernel: ACPI: Reserving SSDT table memory at [mem 0x7fff02a0-0x7fff02e4]
Feb 17 00:04:31 kali kernel: No NUMA configuration found
Feb 17 00:04:31 kali kernel: Faking a node at [mem 0x0000000000000000-0x000000007fffffff]
Feb 17 00:04:31 kali kernel: NODE_DATA(0) allocated [mem 0x7ffc5680-0x7ffeffff]
Feb 17 00:04:31 kali kernel: Zone ranges:
Feb 17 00:04:31 kali kernel:   DMA      [mem 0x0000000000001000-0x0000000000ffffff]
Feb 17 00:04:31 kali kernel:   DMA32    [mem 0x0000000001000000-0x000000007fffffff]
Feb 17 00:04:31 kali kernel:   Normal   empty
Feb 17 00:04:31 kali kernel:   Device   empty
Feb 17 00:04:31 kali kernel: Movable zone start for each node
Feb 17 00:04:31 kali kernel: Early memory node ranges
Feb 17 00:04:31 kali kernel:   node   0: [mem 0x0000000000001000-0x000000000009efff]
Feb 17 00:04:31 kali kernel:   node   0: [mem 0x0000000000100000-0x000000007ffeffff]
Feb 17 00:04:31 kali kernel: Initmem setup node 0 [mem 0x0000000000001000-0x000000007ffeffff]
Feb 17 00:04:31 kali kernel: On node 0, zone DMA: 1 pages in unavailable ranges
Feb 17 00:04:31 kali kernel: On node 0, zone DMA: 97 pages in unavailable ranges
Feb 17 00:04:31 kali kernel: On node 0, zone DMA32: 16 pages in unavailable ranges
Feb 17 00:04:31 kali kernel: ACPI: PM-Timer IO Port: 0x4008
Feb 17 00:04:31 kali kernel: IOAPIC[0]: apic_id 2, version 32, address 0xfec00000, GSI 0-23
Feb 17 00:04:31 kali kernel: ACPI: INT_SRC_OVR (bus 0 bus_irq 0 global_irq 2 dfl dfl)
Feb 17 00:04:31 kali kernel: ACPI: INT_SRC_OVR (bus 0 bus_irq 9 global_irq 9 low level)
Feb 17 00:04:31 kali kernel: ACPI: Using ACPI (MADT) for SMP configuration information
Feb 17 00:04:31 kali kernel: CPU topo: Max. logical packages:   1
Feb 17 00:04:31 kali kernel: CPU topo: Max. logical dies:       1
Feb 17 00:04:31 kali kernel: CPU topo: Max. dies per package:   1
Feb 17 00:04:31 kali kernel: CPU topo: Max. threads per core:   1
Feb 17 00:04:31 kali kernel: CPU topo: Num. cores per package:     2
Feb 17 00:04:31 kali kernel: CPU topo: Num. threads per package:   2
Feb 17 00:04:31 kali kernel: CPU topo: Allowing 2 present CPUs plus 0 hotplug CPUs
Feb 17 00:04:31 kali kernel: PM: hibernation: Registered nosave memory: [mem 0x00000000-0x00000fff]
Feb 17 00:04:31 kali kernel: PM: hibernation: Registered nosave memory: [mem 0x0009f000-0x000fffff]
Feb 17 00:04:31 kali kernel: PM: hibernation: Registered nosave memory: [mem 0x7fff0000-0x7fffffff]
Feb 17 00:04:31 kali kernel: [mem 0x80000000-0xfebfffff] available for PCI devices
Feb 17 00:04:31 kali kernel: Booting paravirtualized kernel on KVM
Feb 17 00:04:31 kali kernel: clocksource: refined-jiffies: mask: 0xffffffff max_cycles: 0xffffffff, max_idle_ns: 7645519600211568 ns
Feb 17 00:04:31 kali kernel: setup_percpu: NR_CPUS:8192 nr_cpumask_bits:2 nr_cpu_ids:2 nr_node_ids:1
Feb 17 00:04:31 kali kernel: percpu: Embedded 66 pages/cpu s233472 r8192 d28672 u1048576
Feb 17 00:04:31 kali kernel: pcpu-alloc: s233472 r8192 d28672 u1048576 alloc=1*2097152
Feb 17 00:04:31 kali kernel: pcpu-alloc: [0] 0 1 
Feb 17 00:04:31 kali kernel: kvm-guest: PV spinlocks enabled
Feb 17 00:04:31 kali kernel: PV qspinlock hash table entries: 256 (order: 0, 4096 bytes, linear)
Feb 17 00:04:31 kali kernel: Kernel command line: BOOT_IMAGE=/boot/vmlinuz-6.12.38+kali-amd64 root=UUID=af89d218-8d5b-4054-a5b7-db050b5f62a7 ro quiet splash
Feb 17 00:04:31 kali kernel: Unknown kernel command line parameters "splash BOOT_IMAGE=/boot/vmlinuz-6.12.38+kali-amd64", will be passed to user space.
Feb 17 00:04:31 kali kernel: random: crng init done
Feb 17 00:04:31 kali kernel: Dentry cache hash table entries: 262144 (order: 9, 2097152 bytes, linear)
Feb 17 00:04:31 kali kernel: Inode-cache hash table entries: 131072 (order: 8, 1048576 bytes, linear)
Feb 17 00:04:31 kali kernel: Fallback order for Node 0: 0 
Feb 17 00:04:31 kali kernel: Built 1 zonelists, mobility grouping on.  Total pages: 524174
Feb 17 00:04:31 kali kernel: Policy zone: DMA32
Feb 17 00:04:31 kali kernel: mem auto-init: stack:all(zero), heap alloc:on, heap free:off
Feb 17 00:04:31 kali kernel: SLUB: HWalign=64, Order=0-3, MinObjects=0, CPUs=2, Nodes=1
Feb 17 00:04:31 kali kernel: ftrace: allocating 45714 entries in 179 pages
Feb 17 00:04:31 kali kernel: ftrace: allocated 179 pages with 5 groups
Feb 17 00:04:31 kali kernel: Dynamic Preempt: voluntary
Feb 17 00:04:31 kali kernel: rcu: Preemptible hierarchical RCU implementation.
Feb 17 00:04:31 kali kernel: rcu:         RCU restricting CPUs from NR_CPUS=8192 to nr_cpu_ids=2.
Feb 17 00:04:31 kali kernel:         Trampoline variant of Tasks RCU enabled.
Feb 17 00:04:31 kali kernel:         Rude variant of Tasks RCU enabled.
Feb 17 00:04:31 kali kernel:         Tracing variant of Tasks RCU enabled.
Feb 17 00:04:31 kali kernel: rcu: RCU calculated value of scheduler-enlistment delay is 25 jiffies.
Feb 17 00:04:31 kali kernel: rcu: Adjusting geometry for rcu_fanout_leaf=16, nr_cpu_ids=2
Feb 17 00:04:31 kali kernel: RCU Tasks: Setting shift to 1 and lim to 1 rcu_task_cb_adjust=1 rcu_task_cpu_ids=2.
Feb 17 00:04:31 kali kernel: RCU Tasks Rude: Setting shift to 1 and lim to 1 rcu_task_cb_adjust=1 rcu_task_cpu_ids=2.
Feb 17 00:04:31 kali kernel: RCU Tasks Trace: Setting shift to 1 and lim to 1 rcu_task_cb_adjust=1 rcu_task_cpu_ids=2.
Feb 17 00:04:31 kali kernel: NR_IRQS: 524544, nr_irqs: 440, preallocated irqs: 16
Feb 17 00:04:31 kali kernel: rcu: srcu_init: Setting srcu_struct sizes based on contention.
Feb 17 00:04:31 kali kernel: Console: colour VGA+ 80x25
Feb 17 00:04:31 kali kernel: printk: legacy console [tty0] enabled
Feb 17 00:04:31 kali kernel: ACPI: Core revision 20240827
Feb 17 00:04:31 kali kernel: APIC: Switch to symmetric I/O mode setup
Feb 17 00:04:31 kali kernel: ..TIMER: vector=0x30 apic1=0 pin1=2 apic2=-1 pin2=-1
Feb 17 00:04:31 kali kernel: clocksource: tsc-early: mask: 0xffffffffffffffff max_cycles: 0x23fa7ec29e6, max_idle_ns: 440795214074 ns
Feb 17 00:04:31 kali kernel: Calibrating delay loop (skipped) preset value.. 4992.01 BogoMIPS (lpj=9984032)
Feb 17 00:04:31 kali kernel: Last level iTLB entries: 4KB 0, 2MB 0, 4MB 0
Feb 17 00:04:31 kali kernel: Last level dTLB entries: 4KB 0, 2MB 0, 4MB 0, 1GB 0
Feb 17 00:04:31 kali kernel: Spectre V1 : Mitigation: usercopy/swapgs barriers and __user pointer sanitization
Feb 17 00:04:31 kali kernel: Spectre V2 : Spectre BHI mitigation: SW BHB clearing on syscall and VM exit
Feb 17 00:04:31 kali kernel: Spectre V2 : Mitigation: Enhanced / Automatic IBRS
Feb 17 00:04:31 kali kernel: Spectre V2 : Spectre v2 / PBRSB-eIBRS: Retire a single CALL on VMEXIT
Feb 17 00:04:31 kali kernel: RETBleed: Mitigation: Enhanced IBRS
Feb 17 00:04:31 kali kernel: Speculative Store Bypass: Vulnerable
Feb 17 00:04:31 kali kernel: Register File Data Sampling: Mitigation: Clear Register File
Feb 17 00:04:31 kali kernel: ITS: Mitigation: Aligned branch/return thunks
Feb 17 00:04:31 kali kernel: x86/fpu: Supporting XSAVE feature 0x001: 'x87 floating point registers'
Feb 17 00:04:31 kali kernel: x86/fpu: Supporting XSAVE feature 0x002: 'SSE registers'
Feb 17 00:04:31 kali kernel: x86/fpu: Supporting XSAVE feature 0x004: 'AVX registers'
Feb 17 00:04:31 kali kernel: x86/fpu: xstate_offset[2]:  576, xstate_sizes[2]:  256
Feb 17 00:04:31 kali kernel: x86/fpu: Enabled xstate features 0x7, context size is 832 bytes, using 'standard' format.
Feb 17 00:04:31 kali kernel: Freeing SMP alternatives memory: 40K
Feb 17 00:04:31 kali kernel: pid_max: default: 32768 minimum: 301
Feb 17 00:04:31 kali kernel: LSM: initializing lsm=lockdown,capability,landlock,yama,apparmor,tomoyo,bpf,ipe,ima,evm
Feb 17 00:04:31 kali kernel: landlock: Up and running.
Feb 17 00:04:31 kali kernel: Yama: disabled by default; enable with sysctl kernel.yama.*
Feb 17 00:04:31 kali kernel: AppArmor: AppArmor initialized
Feb 17 00:04:31 kali kernel: TOMOYO Linux initialized
Feb 17 00:04:31 kali kernel: LSM support for eBPF active
Feb 17 00:04:31 kali kernel: Mount-cache hash table entries: 4096 (order: 3, 32768 bytes, linear)
Feb 17 00:04:31 kali kernel: Mountpoint-cache hash table entries: 4096 (order: 3, 32768 bytes, linear)
Feb 17 00:04:31 kali kernel: smpboot: CPU0: 12th Gen Intel(R) Core(TM) i3-1215U (family: 0x6, model: 0x9a, stepping: 0x4)
Feb 17 00:04:31 kali kernel: Performance Events: unsupported p6 CPU model 154 no PMU driver, software events only.
Feb 17 00:04:31 kali kernel: signal: max sigframe size: 1776
Feb 17 00:04:31 kali kernel: rcu: Hierarchical SRCU implementation.
Feb 17 00:04:31 kali kernel: rcu:         Max phase no-delay instances is 1000.
Feb 17 00:04:31 kali kernel: Timer migration: 1 hierarchy levels; 8 children per group; 1 crossnode level
Feb 17 00:04:31 kali kernel: NMI watchdog: Perf NMI watchdog permanently disabled
Feb 17 00:04:31 kali kernel: smp: Bringing up secondary CPUs ...
Feb 17 00:04:31 kali kernel: smpboot: x86: Booting SMP configuration:
Feb 17 00:04:31 kali kernel: .... node  #0, CPUs:      #1
Feb 17 00:04:31 kali kernel: smp: Brought up 1 node, 2 CPUs
Feb 17 00:04:31 kali kernel: smpboot: Total of 2 processors activated (9984.03 BogoMIPS)
Feb 17 00:04:31 kali kernel: node 0 deferred pages initialised in 0ms
Feb 17 00:04:31 kali kernel: Memory: 1880948K/2096696K available (16384K kernel code, 2486K rwdata, 11788K rodata, 4148K init, 4952K bss, 211684K reserved, 0K cma-reserved)
Feb 17 00:04:31 kali kernel: devtmpfs: initialized
Feb 17 00:04:31 kali kernel: x86/mm: Memory block size: 128MB
Feb 17 00:04:31 kali kernel: clocksource: jiffies: mask: 0xffffffff max_cycles: 0xffffffff, max_idle_ns: 7645041785100000 ns
Feb 17 00:04:31 kali kernel: futex hash table entries: 512 (order: 3, 32768 bytes, linear)
Feb 17 00:04:31 kali kernel: pinctrl core: initialized pinctrl subsystem
Feb 17 00:04:31 kali kernel: NET: Registered PF_NETLINK/PF_ROUTE protocol family
Feb 17 00:04:31 kali kernel: DMA: preallocated 256 KiB GFP_KERNEL pool for atomic allocations
Feb 17 00:04:31 kali kernel: DMA: preallocated 256 KiB GFP_KERNEL|GFP_DMA pool for atomic allocations
Feb 17 00:04:31 kali kernel: DMA: preallocated 256 KiB GFP_KERNEL|GFP_DMA32 pool for atomic allocations
Feb 17 00:04:31 kali kernel: audit: initializing netlink subsys (disabled)
Feb 17 00:04:31 kali kernel: audit: type=2000 audit(1771304680.627:1): state=initialized audit_enabled=0 res=1
Feb 17 00:04:31 kali kernel: thermal_sys: Registered thermal governor 'fair_share'
Feb 17 00:04:31 kali kernel: thermal_sys: Registered thermal governor 'bang_bang'
Feb 17 00:04:31 kali kernel: thermal_sys: Registered thermal governor 'step_wise'
Feb 17 00:04:31 kali kernel: thermal_sys: Registered thermal governor 'user_space'
Feb 17 00:04:31 kali kernel: thermal_sys: Registered thermal governor 'power_allocator'
Feb 17 00:04:31 kali kernel: cpuidle: using governor ladder
Feb 17 00:04:31 kali kernel: cpuidle: using governor menu
Feb 17 00:04:31 kali kernel: acpiphp: ACPI Hot Plug PCI Controller Driver version: 0.5
Feb 17 00:04:31 kali kernel: PCI: Using configuration type 1 for base access
Feb 17 00:04:31 kali kernel: mtrr: your CPUs had inconsistent variable MTRR settings
Feb 17 00:04:31 kali kernel: mtrr: probably your BIOS does not setup all CPUs.
Feb 17 00:04:31 kali kernel: mtrr: corrected configuration.
Feb 17 00:04:31 kali kernel: kprobes: kprobe jump-optimization is enabled. All kprobes are optimized if possible.
Feb 17 00:04:31 kali kernel: HugeTLB: registered 2.00 MiB page size, pre-allocated 0 pages
Feb 17 00:04:31 kali kernel: HugeTLB: 28 KiB vmemmap can be freed for a 2.00 MiB page
Feb 17 00:04:31 kali kernel: ACPI: Added _OSI(Module Device)
Feb 17 00:04:31 kali kernel: ACPI: Added _OSI(Processor Device)
Feb 17 00:04:31 kali kernel: ACPI: Added _OSI(Processor Aggregator Device)
Feb 17 00:04:31 kali kernel: ACPI: 2 ACPI AML tables successfully acquired and loaded
Feb 17 00:04:31 kali kernel: ACPI: Interpreter enabled
Feb 17 00:04:31 kali kernel: ACPI: PM: (supports S0 S5)
Feb 17 00:04:31 kali kernel: ACPI: Using IOAPIC for interrupt routing
Feb 17 00:04:31 kali kernel: PCI: Using host bridge windows from ACPI; if necessary, use "pci=nocrs" and report a bug
Feb 17 00:04:31 kali kernel: PCI: Using E820 reservations for host bridge windows
Feb 17 00:04:31 kali kernel: ACPI: Enabled 2 GPEs in block 00 to 07
Feb 17 00:04:31 kali kernel: ACPI: PCI Root Bridge [PCI0] (domain 0000 [bus 00-ff])
Feb 17 00:04:31 kali kernel: acpi PNP0A03:00: _OSC: OS supports [ASPM ClockPM Segments MSI HPX-Type3]
Feb 17 00:04:31 kali kernel: acpi PNP0A03:00: _OSC: not requesting OS control; OS requires [ExtendedConfig ASPM ClockPM MSI]
Feb 17 00:04:31 kali kernel: acpi PNP0A03:00: fail to add MMCONFIG information, can't access extended configuration space under this bridge
Feb 17 00:04:31 kali kernel: PCI host bridge to bus 0000:00
Feb 17 00:04:31 kali kernel: pci_bus 0000:00: root bus resource [io  0x0000-0x0cf7 window]
Feb 17 00:04:31 kali kernel: pci_bus 0000:00: root bus resource [io  0x0d00-0xffff window]
Feb 17 00:04:31 kali kernel: pci_bus 0000:00: root bus resource [mem 0x000a0000-0x000bffff window]
Feb 17 00:04:31 kali kernel: pci_bus 0000:00: root bus resource [mem 0x80000000-0xfdffffff window]
Feb 17 00:04:31 kali kernel: pci_bus 0000:00: root bus resource [bus 00-ff]
Feb 17 00:04:31 kali kernel: pci 0000:00:00.0: [8086:1237] type 00 class 0x060000 conventional PCI endpoint
Feb 17 00:04:31 kali kernel: pci 0000:00:01.0: [8086:7000] type 00 class 0x060100 conventional PCI endpoint
Feb 17 00:04:31 kali kernel: pci 0000:00:01.1: [8086:7111] type 00 class 0x01018a conventional PCI endpoint
Feb 17 00:04:31 kali kernel: pci 0000:00:01.1: BAR 4 [io  0xd000-0xd00f]
Feb 17 00:04:31 kali kernel: pci 0000:00:01.1: BAR 0 [io  0x01f0-0x01f7]: legacy IDE quirk
Feb 17 00:04:31 kali kernel: pci 0000:00:01.1: BAR 1 [io  0x03f6]: legacy IDE quirk
Feb 17 00:04:31 kali kernel: pci 0000:00:01.1: BAR 2 [io  0x0170-0x0177]: legacy IDE quirk
Feb 17 00:04:31 kali kernel: pci 0000:00:01.1: BAR 3 [io  0x0376]: legacy IDE quirk
Feb 17 00:04:31 kali kernel: pci 0000:00:02.0: [15ad:0405] type 00 class 0x030000 conventional PCI endpoint
Feb 17 00:04:31 kali kernel: pci 0000:00:02.0: BAR 0 [io  0xd010-0xd01f]
Feb 17 00:04:31 kali kernel: pci 0000:00:02.0: BAR 1 [mem 0xe0000000-0xe7ffffff pref]
Feb 17 00:04:31 kali kernel: pci 0000:00:02.0: BAR 2 [mem 0xf0000000-0xf01fffff]
Feb 17 00:04:31 kali kernel: pci 0000:00:02.0: Video device with shadowed ROM at [mem 0x000c0000-0x000dffff]
Feb 17 00:04:31 kali kernel: pci 0000:00:03.0: [8086:100e] type 00 class 0x020000 conventional PCI endpoint
Feb 17 00:04:31 kali kernel: pci 0000:00:03.0: BAR 0 [mem 0xf0200000-0xf021ffff]
Feb 17 00:04:31 kali kernel: pci 0000:00:03.0: BAR 2 [io  0xd020-0xd027]
Feb 17 00:04:31 kali kernel: pci 0000:00:04.0: [80ee:cafe] type 00 class 0x088000 conventional PCI endpoint
Feb 17 00:04:31 kali kernel: pci 0000:00:04.0: BAR 0 [io  0xd040-0xd05f]
Feb 17 00:04:31 kali kernel: pci 0000:00:04.0: BAR 1 [mem 0xf0400000-0xf07fffff]
Feb 17 00:04:31 kali kernel: pci 0000:00:04.0: BAR 2 [mem 0xf0800000-0xf0803fff pref]
Feb 17 00:04:31 kali kernel: pci 0000:00:05.0: [8086:2415] type 00 class 0x040100 conventional PCI endpoint
Feb 17 00:04:31 kali kernel: pci 0000:00:05.0: BAR 0 [io  0xd100-0xd1ff]
Feb 17 00:04:31 kali kernel: pci 0000:00:05.0: BAR 1 [io  0xd200-0xd23f]
Feb 17 00:04:31 kali kernel: pci 0000:00:06.0: [106b:003f] type 00 class 0x0c0310 conventional PCI endpoint
Feb 17 00:04:31 kali kernel: pci 0000:00:06.0: BAR 0 [mem 0xf0804000-0xf0804fff]
Feb 17 00:04:31 kali kernel: pci 0000:00:07.0: [8086:7113] type 00 class 0x068000 conventional PCI endpoint
Feb 17 00:04:31 kali kernel: pci 0000:00:07.0: quirk: [io  0x4000-0x403f] claimed by PIIX4 ACPI
Feb 17 00:04:31 kali kernel: pci 0000:00:07.0: quirk: [io  0x4100-0x410f] claimed by PIIX4 SMB
Feb 17 00:04:31 kali kernel: pci 0000:00:0d.0: [8086:2829] type 00 class 0x010601 conventional PCI endpoint
Feb 17 00:04:31 kali kernel: pci 0000:00:0d.0: BAR 0 [io  0xd240-0xd247]
Feb 17 00:04:31 kali kernel: pci 0000:00:0d.0: BAR 1 [io  0xd248-0xd24b]
Feb 17 00:04:31 kali kernel: pci 0000:00:0d.0: BAR 2 [io  0xd250-0xd257]
Feb 17 00:04:31 kali kernel: pci 0000:00:0d.0: BAR 3 [io  0xd258-0xd25b]
Feb 17 00:04:31 kali kernel: pci 0000:00:0d.0: BAR 4 [io  0xd260-0xd26f]
Feb 17 00:04:31 kali kernel: pci 0000:00:0d.0: BAR 5 [mem 0xf0806000-0xf0807fff]
Feb 17 00:04:31 kali kernel: ACPI: PCI: Interrupt link LNKA configured for IRQ 11
Feb 17 00:04:31 kali kernel: ACPI: PCI: Interrupt link LNKB configured for IRQ 10
Feb 17 00:04:31 kali kernel: ACPI: PCI: Interrupt link LNKC configured for IRQ 9
Feb 17 00:04:31 kali kernel: ACPI: PCI: Interrupt link LNKD configured for IRQ 11
Feb 17 00:04:31 kali kernel: iommu: Default domain type: Translated
Feb 17 00:04:31 kali kernel: iommu: DMA domain TLB invalidation policy: lazy mode
Feb 17 00:04:31 kali kernel: pps_core: LinuxPPS API ver. 1 registered
Feb 17 00:04:31 kali kernel: pps_core: Software ver. 5.3.6 - Copyright 2005-2007 Rodolfo Giometti <giometti@linux.it>
Feb 17 00:04:31 kali kernel: PTP clock support registered
Feb 17 00:04:31 kali kernel: EDAC MC: Ver: 3.0.0
Feb 17 00:04:31 kali kernel: NetLabel: Initializing
Feb 17 00:04:31 kali kernel: NetLabel:  domain hash size = 128
Feb 17 00:04:31 kali kernel: NetLabel:  protocols = UNLABELED CIPSOv4 CALIPSO
Feb 17 00:04:31 kali kernel: NetLabel:  unlabeled traffic allowed by default
Feb 17 00:04:31 kali kernel: PCI: Using ACPI for IRQ routing
Feb 17 00:04:31 kali kernel: PCI: pci_cache_line_size set to 64 bytes
Feb 17 00:04:31 kali kernel: e820: reserve RAM buffer [mem 0x0009fc00-0x0009ffff]
Feb 17 00:04:31 kali kernel: e820: reserve RAM buffer [mem 0x7fff0000-0x7fffffff]
Feb 17 00:04:31 kali kernel: pci 0000:00:02.0: vgaarb: setting as boot VGA device
Feb 17 00:04:31 kali kernel: pci 0000:00:02.0: vgaarb: bridge control possible
Feb 17 00:04:31 kali kernel: pci 0000:00:02.0: vgaarb: VGA device added: decodes=io+mem,owns=io+mem,locks=none
Feb 17 00:04:31 kali kernel: vgaarb: loaded
Feb 17 00:04:31 kali kernel: clocksource: Switched to clocksource kvm-clock
Feb 17 00:04:31 kali kernel: VFS: Disk quotas dquot_6.6.0
Feb 17 00:04:31 kali kernel: VFS: Dquot-cache hash table entries: 512 (order 0, 4096 bytes)
Feb 17 00:04:31 kali kernel: AppArmor: AppArmor Filesystem Enabled
Feb 17 00:04:31 kali kernel: pnp: PnP ACPI init
Feb 17 00:04:31 kali kernel: pnp: PnP ACPI: found 2 devices
Feb 17 00:04:31 kali kernel: clocksource: acpi_pm: mask: 0xffffff max_cycles: 0xffffff, max_idle_ns: 2085701024 ns
Feb 17 00:04:31 kali kernel: NET: Registered PF_INET protocol family
Feb 17 00:04:31 kali kernel: IP idents hash table entries: 32768 (order: 6, 262144 bytes, linear)
Feb 17 00:04:31 kali kernel: tcp_listen_portaddr_hash hash table entries: 1024 (order: 2, 16384 bytes, linear)
Feb 17 00:04:31 kali kernel: Table-perturb hash table entries: 65536 (order: 6, 262144 bytes, linear)
Feb 17 00:04:31 kali kernel: TCP established hash table entries: 16384 (order: 5, 131072 bytes, linear)
Feb 17 00:04:31 kali kernel: TCP bind hash table entries: 16384 (order: 7, 524288 bytes, linear)
Feb 17 00:04:31 kali kernel: TCP: Hash tables configured (established 16384 bind 16384)
Feb 17 00:04:31 kali kernel: MPTCP token hash table entries: 2048 (order: 3, 49152 bytes, linear)
Feb 17 00:04:31 kali kernel: UDP hash table entries: 1024 (order: 3, 32768 bytes, linear)
Feb 17 00:04:31 kali kernel: UDP-Lite hash table entries: 1024 (order: 3, 32768 bytes, linear)
Feb 17 00:04:31 kali kernel: NET: Registered PF_UNIX/PF_LOCAL protocol family
Feb 17 00:04:31 kali kernel: NET: Registered PF_XDP protocol family
Feb 17 00:04:31 kali kernel: pci_bus 0000:00: resource 4 [io  0x0000-0x0cf7 window]
Feb 17 00:04:31 kali kernel: pci_bus 0000:00: resource 5 [io  0x0d00-0xffff window]
Feb 17 00:04:31 kali kernel: pci_bus 0000:00: resource 6 [mem 0x000a0000-0x000bffff window]
Feb 17 00:04:31 kali kernel: pci_bus 0000:00: resource 7 [mem 0x80000000-0xfdffffff window]
Feb 17 00:04:31 kali kernel: pci 0000:00:00.0: Limiting direct PCI/PCI transfers
Feb 17 00:04:31 kali kernel: PCI: CLS 0 bytes, default 64
Feb 17 00:04:31 kali kernel: Trying to unpack rootfs image as initramfs...
Feb 17 00:04:31 kali kernel: clocksource: tsc: mask: 0xffffffffffffffff max_cycles: 0x23fa7ec29e6, max_idle_ns: 440795214074 ns
Feb 17 00:04:31 kali kernel: clocksource: Switched to clocksource tsc
Feb 17 00:04:31 kali kernel: platform rtc_cmos: registered platform RTC device (no PNP device found)
Feb 17 00:04:31 kali kernel: Initialise system trusted keyrings
Feb 17 00:04:31 kali kernel: Key type blacklist registered
Feb 17 00:04:31 kali kernel: workingset: timestamp_bits=36 max_order=19 bucket_order=0
Feb 17 00:04:31 kali kernel: zbud: loaded
Feb 17 00:04:31 kali kernel: fuse: init (API version 7.41)
Feb 17 00:04:31 kali kernel: integrity: Platform Keyring initialized
Feb 17 00:04:31 kali kernel: integrity: Machine keyring initialized
Feb 17 00:04:31 kali kernel: Key type asymmetric registered
Feb 17 00:04:31 kali kernel: Asymmetric key parser 'x509' registered
Feb 17 00:04:31 kali kernel: Freeing initrd memory: 129348K
Feb 17 00:04:31 kali kernel: Block layer SCSI generic (bsg) driver version 0.4 loaded (major 246)
Feb 17 00:04:31 kali kernel: io scheduler mq-deadline registered
Feb 17 00:04:31 kali kernel: ledtrig-cpu: registered to indicate activity on CPUs
Feb 17 00:04:31 kali kernel: shpchp: Standard Hot Plug PCI Controller Driver version: 0.4
Feb 17 00:04:31 kali kernel: Serial: 8250/16550 driver, 4 ports, IRQ sharing enabled
Feb 17 00:04:31 kali kernel: Linux agpgart interface v0.103
Feb 17 00:04:31 kali kernel: i8042: PNP: PS/2 Controller [PNP0303:PS2K,PNP0f03:PS2M] at 0x60,0x64 irq 1,12
Feb 17 00:04:31 kali kernel: serio: i8042 KBD port at 0x60,0x64 irq 1
Feb 17 00:04:31 kali kernel: serio: i8042 AUX port at 0x60,0x64 irq 12
Feb 17 00:04:31 kali kernel: mousedev: PS/2 mouse device common for all mice
Feb 17 00:04:31 kali kernel: input: AT Translated Set 2 keyboard as /devices/platform/i8042/serio0/input/input0
Feb 17 00:04:31 kali kernel: rtc_cmos rtc_cmos: registered as rtc0
Feb 17 00:04:31 kali kernel: rtc_cmos rtc_cmos: setting system clock to 2026-02-17T05:04:26 UTC (1771304666)
Feb 17 00:04:31 kali kernel: rtc_cmos rtc_cmos: alarms up to one day, 114 bytes nvram
Feb 17 00:04:31 kali kernel: intel_pstate: CPU model not supported
Feb 17 00:04:31 kali kernel: NET: Registered PF_INET6 protocol family
Feb 17 00:04:31 kali kernel: Segment Routing with IPv6
Feb 17 00:04:31 kali kernel: In-situ OAM (IOAM) with IPv6
Feb 17 00:04:31 kali kernel: mip6: Mobile IPv6
Feb 17 00:04:31 kali kernel: NET: Registered PF_PACKET protocol family
Feb 17 00:04:31 kali kernel: mpls_gso: MPLS GSO support
Feb 17 00:04:31 kali kernel: IPI shorthand broadcast: enabled
Feb 17 00:04:31 kali kernel: sched_clock: Marking stable (1003312078, 35807674)->(1047631044, -8511292)
Feb 17 00:04:31 kali kernel: registered taskstats version 1
Feb 17 00:04:31 kali kernel: Loading compiled-in X.509 certificates
Feb 17 00:04:31 kali kernel: Loaded X.509 cert 'Build time autogenerated kernel key: da75e40ec886526a4721cb24c2c1dc1814a19060'
Feb 17 00:04:31 kali kernel: Demotion targets for Node 0: null
Feb 17 00:04:31 kali kernel: Key type .fscrypt registered
Feb 17 00:04:31 kali kernel: Key type fscrypt-provisioning registered
Feb 17 00:04:31 kali kernel: Key type encrypted registered
Feb 17 00:04:31 kali kernel: AppArmor: AppArmor sha256 policy hashing enabled
Feb 17 00:04:31 kali kernel: ima: No TPM chip found, activating TPM-bypass!
Feb 17 00:04:31 kali kernel: ima: Allocated hash algorithm: sha256
Feb 17 00:04:31 kali kernel: ima: No architecture policies found
Feb 17 00:04:31 kali kernel: evm: Initialising EVM extended attributes:
Feb 17 00:04:31 kali kernel: evm: security.selinux
Feb 17 00:04:31 kali kernel: evm: security.SMACK64 (disabled)
Feb 17 00:04:31 kali kernel: evm: security.SMACK64EXEC (disabled)
Feb 17 00:04:31 kali kernel: evm: security.SMACK64TRANSMUTE (disabled)
Feb 17 00:04:31 kali kernel: evm: security.SMACK64MMAP (disabled)
Feb 17 00:04:31 kali kernel: evm: security.apparmor
Feb 17 00:04:31 kali kernel: evm: security.ima
Feb 17 00:04:31 kali kernel: evm: security.capability
Feb 17 00:04:31 kali kernel: evm: HMAC attrs: 0x1
Feb 17 00:04:31 kali kernel: RAS: Correctable Errors collector initialized.
Feb 17 00:04:31 kali kernel: clk: Disabling unused clocks
Feb 17 00:04:31 kali kernel: PM: genpd: Disabling unused power domains
Feb 17 00:04:31 kali kernel: Freeing unused decrypted memory: 2028K
Feb 17 00:04:31 kali kernel: Freeing unused kernel image (initmem) memory: 4148K
Feb 17 00:04:31 kali kernel: Write protecting the kernel read-only data: 28672k
Feb 17 00:04:31 kali kernel: Freeing unused kernel image (rodata/data gap) memory: 500K
Feb 17 00:04:31 kali kernel: x86/mm: Checked W+X mappings: passed, no W+X pages found.
Feb 17 00:04:31 kali kernel: Run /init as init process
Feb 17 00:04:31 kali kernel:   with arguments:
Feb 17 00:04:31 kali kernel:     /init
Feb 17 00:04:31 kali kernel:     splash
Feb 17 00:04:31 kali kernel:   with environment:
Feb 17 00:04:31 kali kernel:     HOME=/
Feb 17 00:04:31 kali kernel:     TERM=linux
Feb 17 00:04:31 kali kernel:     BOOT_IMAGE=/boot/vmlinuz-6.12.38+kali-amd64
Feb 17 00:04:31 kali kernel: input: Power Button as /devices/LNXSYSTM:00/LNXPWRBN:00/input/input2
Feb 17 00:04:31 kali kernel: ACPI: button: Power Button [PWRF]
Feb 17 00:04:31 kali kernel: input: Sleep Button as /devices/LNXSYSTM:00/LNXSLPBN:00/input/input3
Feb 17 00:04:31 kali kernel: ACPI: button: Sleep Button [SLPF]
Feb 17 00:04:31 kali kernel: e1000: Intel(R) PRO/1000 Network Driver
Feb 17 00:04:31 kali kernel: e1000: Copyright (c) 1999-2006 Intel Corporation.
Feb 17 00:04:31 kali kernel: ACPI: battery: Slot [BAT0] (battery present)
Feb 17 00:04:31 kali kernel: ACPI: video: Video Device [GFX0] (multi-head: yes  rom: no  post: no)
Feb 17 00:04:31 kali kernel: input: Video Bus as /devices/LNXSYSTM:00/LNXSYBUS:00/PNP0A03:00/LNXVIDEO:00/input/input4
Feb 17 00:04:31 kali kernel: piix4_smbus 0000:00:07.0: SMBus Host Controller at 0x4100, revision 0
Feb 17 00:04:31 kali kernel: cryptd: max_cpu_qlen set to 1000
Feb 17 00:04:31 kali kernel: AES CTR mode by8 optimization enabled
Feb 17 00:04:31 kali kernel: SCSI subsystem initialized
Feb 17 00:04:31 kali kernel: input: ImExPS/2 Generic Explorer Mouse as /devices/platform/i8042/serio1/input/input5
Feb 17 00:04:31 kali kernel: ACPI: bus type drm_connector registered
Feb 17 00:04:31 kali kernel: libata version 3.00 loaded.
Feb 17 00:04:31 kali kernel: ACPI: bus type USB registered
Feb 17 00:04:31 kali kernel: usbcore: registered new interface driver usbfs
Feb 17 00:04:31 kali kernel: usbcore: registered new interface driver hub
Feb 17 00:04:31 kali kernel: usbcore: registered new device driver usb
Feb 17 00:04:31 kali kernel: ata_piix 0000:00:01.1: version 2.13
Feb 17 00:04:31 kali kernel: scsi host0: ata_piix
Feb 17 00:04:31 kali kernel: scsi host1: ata_piix
Feb 17 00:04:31 kali kernel: ata1: PATA max UDMA/33 cmd 0x1f0 ctl 0x3f6 bmdma 0xd000 irq 14 lpm-pol 0
Feb 17 00:04:31 kali kernel: ata2: PATA max UDMA/33 cmd 0x170 ctl 0x376 bmdma 0xd008 irq 15 lpm-pol 0
Feb 17 00:04:31 kali kernel: ahci 0000:00:0d.0: version 3.0
Feb 17 00:04:31 kali kernel: ahci 0000:00:0d.0: SSS flag set, parallel bus scan disabled
Feb 17 00:04:31 kali kernel: ahci 0000:00:0d.0: AHCI vers 0001.0100, 32 command slots, 3 Gbps, SATA mode
Feb 17 00:04:31 kali kernel: ahci 0000:00:0d.0: 1/1 ports implemented (port mask 0x1)
Feb 17 00:04:31 kali kernel: ahci 0000:00:0d.0: flags: 64bit ncq stag only ccc 
Feb 17 00:04:31 kali kernel: scsi host2: ahci
Feb 17 00:04:31 kali kernel: ata3: SATA max UDMA/133 abar m8192@0xf0806000 port 0xf0806100 irq 21 lpm-pol 0
Feb 17 00:04:31 kali kernel: Warning! ehci_hcd should always be loaded before uhci_hcd and ohci_hcd, not after
Feb 17 00:04:31 kali kernel: ata2.00: ATAPI: VBOX CD-ROM, 1.0, max UDMA/133
Feb 17 00:04:31 kali kernel: scsi 1:0:0:0: CD-ROM            VBOX     CD-ROM           1.0  PQ: 0 ANSI: 5
Feb 17 00:04:31 kali kernel: e1000 0000:00:03.0 eth0: (PCI:33MHz:32-bit) 08:00:27:1f:b7:23
Feb 17 00:04:31 kali kernel: e1000 0000:00:03.0 eth0: Intel(R) PRO/1000 Network Connection
Feb 17 00:04:31 kali kernel: ata3: SATA link up 3.0 Gbps (SStatus 123 SControl 300)
Feb 17 00:04:31 kali kernel: ata3.00: ATA-6: VBOX HARDDISK, 1.0, max UDMA/133
Feb 17 00:04:31 kali kernel: ata3.00: 167968750 sectors, multi 128: LBA48 NCQ (depth 32)
Feb 17 00:04:31 kali kernel: ata3.00: configured for UDMA/133
Feb 17 00:04:31 kali kernel: scsi 2:0:0:0: Direct-Access     ATA      VBOX HARDDISK    1.0  PQ: 0 ANSI: 5
Feb 17 00:04:31 kali kernel: ohci-pci 0000:00:06.0: OHCI PCI host controller
Feb 17 00:04:31 kali kernel: ohci-pci 0000:00:06.0: new USB bus registered, assigned bus number 1
Feb 17 00:04:31 kali kernel: ohci-pci 0000:00:06.0: irq 22, io mem 0xf0804000
Feb 17 00:04:31 kali kernel: vmwgfx 0000:00:02.0: vgaarb: deactivate vga console
Feb 17 00:04:31 kali kernel: usb usb1: New USB device found, idVendor=1d6b, idProduct=0001, bcdDevice= 6.12
Feb 17 00:04:31 kali kernel: usb usb1: New USB device strings: Mfr=3, Product=2, SerialNumber=1
Feb 17 00:04:31 kali kernel: usb usb1: Product: OHCI PCI host controller
Feb 17 00:04:31 kali kernel: usb usb1: Manufacturer: Linux 6.12.38+kali-amd64 ohci_hcd
Feb 17 00:04:31 kali kernel: usb usb1: SerialNumber: 0000:00:06.0
Feb 17 00:04:31 kali kernel: hub 1-0:1.0: USB hub found
Feb 17 00:04:31 kali kernel: hub 1-0:1.0: 12 ports detected
Feb 17 00:04:31 kali kernel: sr 1:0:0:0: [sr0] scsi3-mmc drive: 32x/32x xa/form2 tray
Feb 17 00:04:31 kali kernel: cdrom: Uniform CD-ROM driver Revision: 3.20
Feb 17 00:04:31 kali kernel: Console: switching to colour dummy device 80x25
Feb 17 00:04:31 kali kernel: vmwgfx 0000:00:02.0: [drm] FIFO at 0x00000000f0000000 size is 2048 KiB
Feb 17 00:04:31 kali kernel: vmwgfx 0000:00:02.0: [drm] VRAM at 0x00000000e0000000 size is 131072 KiB
Feb 17 00:04:31 kali kernel: vmwgfx 0000:00:02.0: [drm] Running on SVGA version 2.
Feb 17 00:04:31 kali kernel: vmwgfx 0000:00:02.0: [drm] Capabilities: rect copy, cursor, cursor bypass, cursor bypass 2, alpha cursor, extended fifo, pitchlock, irq mask, gmr, traces, gmr2, screen object 2, command buffers, command buffers 2, gbobject, 
Feb 17 00:04:31 kali kernel: vmwgfx 0000:00:02.0: [drm] *ERROR* vmwgfx seems to be running on an unsupported hypervisor.
Feb 17 00:04:31 kali kernel: vmwgfx 0000:00:02.0: [drm] *ERROR* This configuration is likely broken.
Feb 17 00:04:31 kali kernel: vmwgfx 0000:00:02.0: [drm] *ERROR* Please switch to a supported graphics device to avoid problems.
Feb 17 00:04:31 kali kernel: vmwgfx 0000:00:02.0: [drm] DMA map mode: Caching DMA mappings.
Feb 17 00:04:31 kali kernel: vmwgfx 0000:00:02.0: [drm] Legacy memory limits: VRAM = 131072 KiB, FIFO = 2048 KiB, surface = 393216 KiB
Feb 17 00:04:31 kali kernel: vmwgfx 0000:00:02.0: [drm] MOB limits: max mob size = 131072 KiB, max mob pages = 32768
Feb 17 00:04:31 kali kernel: vmwgfx 0000:00:02.0: [drm] Max GMR ids is 8192
Feb 17 00:04:31 kali kernel: vmwgfx 0000:00:02.0: [drm] Max number of GMR pages is 1048576
Feb 17 00:04:31 kali kernel: vmwgfx 0000:00:02.0: [drm] Maximum display memory size is 131072 KiB
Feb 17 00:04:31 kali kernel: vmwgfx 0000:00:02.0: [drm] Screen Target display unit initialized
Feb 17 00:04:31 kali kernel: vmwgfx 0000:00:02.0: [drm] Fifo max 0x00200000 min 0x00001000 cap 0x00000355
Feb 17 00:04:31 kali kernel: vmwgfx 0000:00:02.0: [drm] Using command buffers with DMA pool.
Feb 17 00:04:31 kali kernel: vmwgfx 0000:00:02.0: [drm] Available shader model: Legacy.
Feb 17 00:04:31 kali kernel: [drm] Initialized vmwgfx 2.20.0 for 0000:00:02.0 on minor 0
Feb 17 00:04:31 kali kernel: fbcon: vmwgfxdrmfb (fb0) is primary device
Feb 17 00:04:31 kali kernel: Console: switching to colour frame buffer device 160x50
Feb 17 00:04:31 kali kernel: vmwgfx 0000:00:02.0: [drm] fb0: vmwgfxdrmfb frame buffer device
Feb 17 00:04:31 kali kernel: sr 1:0:0:0: Attached scsi CD-ROM sr0
Feb 17 00:04:31 kali kernel: sd 2:0:0:0: [sda] 167968750 512-byte logical blocks: (86.0 GB/80.1 GiB)
Feb 17 00:04:31 kali kernel: sd 2:0:0:0: [sda] Write Protect is off
Feb 17 00:04:31 kali kernel: sd 2:0:0:0: [sda] Mode Sense: 00 3a 00 00
Feb 17 00:04:31 kali kernel: sd 2:0:0:0: [sda] Write cache: enabled, read cache: enabled, doesn't support DPO or FUA
Feb 17 00:04:31 kali kernel: sd 2:0:0:0: [sda] Preferred minimum I/O size 512 bytes
Feb 17 00:04:31 kali kernel:  sda: sda1
Feb 17 00:04:31 kali kernel: sd 2:0:0:0: [sda] Attached SCSI disk
Feb 17 00:04:31 kali kernel: clocksource: Long readout interval, skipping watchdog check: cs_nsec: 1069622204 wd_nsec: 1069621627
Feb 17 00:04:31 kali kernel: usb 1-1: new full-speed USB device number 2 using ohci-pci
Feb 17 00:04:31 kali kernel: usb 1-1: New USB device found, idVendor=80ee, idProduct=0021, bcdDevice= 1.00
Feb 17 00:04:31 kali kernel: usb 1-1: New USB device strings: Mfr=1, Product=3, SerialNumber=0
Feb 17 00:04:31 kali kernel: usb 1-1: Product: USB Tablet
Feb 17 00:04:31 kali kernel: usb 1-1: Manufacturer: VirtualBox
Feb 17 00:04:31 kali kernel: hid: raw HID events driver (C) Jiri Kosina
Feb 17 00:04:31 kali kernel: usbcore: registered new interface driver usbhid
Feb 17 00:04:31 kali kernel: usbhid: USB HID core driver
Feb 17 00:04:31 kali kernel: input: VirtualBox USB Tablet as /devices/pci0000:00/0000:00:06.0/usb1/1-1/1-1:1.0/0003:80EE:0021.0001/input/input6
Feb 17 00:04:31 kali kernel: hid-generic 0003:80EE:0021.0001: input,hidraw0: USB HID v1.10 Mouse [VirtualBox USB Tablet] on usb-0000:00:06.0-1/input0
Feb 17 00:04:31 kali kernel: EXT4-fs (sda1): orphan cleanup on readonly fs
Feb 17 00:04:31 kali kernel: EXT4-fs (sda1): mounted filesystem af89d218-8d5b-4054-a5b7-db050b5f62a7 ro with ordered data mode. Quota mode: none.
Feb 17 00:04:31 kali kernel: Not activating Mandatory Access Control as /sbin/tomoyo-init does not exist.
Feb 17 00:04:31 kali systemd[1]: Inserted module 'autofs4'
Feb 17 00:04:31 kali systemd[1]: systemd 257.7-1 running in system mode (+PAM +AUDIT +SELINUX +APPARMOR +IMA +IPE +SMACK +SECCOMP +GCRYPT -GNUTLS +OPENSSL +ACL +BLKID +CURL +ELFUTILS +FIDO2 +IDN2 -IDN +IPTC +KMOD +LIBCRYPTSETUP +LIBCRYPTSETUP_PLUGINS +LIBFDISK +PCRE2 +PWQUALITY +P11KIT +QRENCODE +TPM2 +BZIP2 +LZ4 +XZ +ZLIB +ZSTD +BPF_FRAMEWORK +BTF -XKBCOMMON -UTMP +SYSVINIT +LIBARCHIVE)
Feb 17 00:04:31 kali systemd[1]: Detected virtualization oracle.
Feb 17 00:04:31 kali systemd[1]: Detected architecture x86-64.
Feb 17 00:04:31 kali systemd[1]: Hostname set to <kali>.
Feb 17 00:04:31 kali systemd[1]: bpf-restrict-fs: LSM BPF program attached
Feb 17 00:04:31 kali systemd-sslh-generator: Configuration directory '/etc/sslh/' does not exist! No units generated.
Feb 17 00:04:31 kali systemd-sysv-generator[355]: SysV service '/etc/init.d/stunnel4' lacks a native systemd unit file, automatically generating a unit file for compatibility.
Feb 17 00:04:31 kali systemd-sysv-generator[355]: Please update package to include a native systemd unit file.
Feb 17 00:04:31 kali systemd-sysv-generator[355]: ! This compatibility logic is deprecated, expect removal soon. !
Feb 17 00:04:31 kali systemd-sysv-generator[355]: SysV service '/etc/init.d/inetsim' lacks a native systemd unit file, automatically generating a unit file for compatibility.
Feb 17 00:04:31 kali systemd-sysv-generator[355]: Please update package to include a native systemd unit file.
Feb 17 00:04:31 kali systemd-sysv-generator[355]: ! This compatibility logic is deprecated, expect removal soon. !
Feb 17 00:04:31 kali systemd-sysv-generator[355]: SysV service '/etc/init.d/dns2tcp' lacks a native systemd unit file, automatically generating a unit file for compatibility.
Feb 17 00:04:31 kali systemd-sysv-generator[355]: Please update package to include a native systemd unit file.
Feb 17 00:04:31 kali systemd-sysv-generator[355]: ! This compatibility logic is deprecated, expect removal soon. !
Feb 17 00:04:31 kali systemd-sysv-generator[355]: SysV service '/etc/init.d/ptunnel' lacks a native systemd unit file, automatically generating a unit file for compatibility.
Feb 17 00:04:31 kali systemd-sysv-generator[355]: Please update package to include a native systemd unit file.
Feb 17 00:04:31 kali systemd-sysv-generator[355]: ! This compatibility logic is deprecated, expect removal soon. !
Feb 17 00:04:31 kali kernel: Guest personality initialized and is inactive
Feb 17 00:04:31 kali kernel: VMCI host device registered (name=vmci, major=10, minor=123)
Feb 17 00:04:31 kali kernel: Initialized host personality
Feb 17 00:04:31 kali kernel: NET: Registered PF_VSOCK protocol family
Feb 17 00:04:31 kali systemd[1]: Queued start job for default target graphical.target.
Feb 17 00:04:31 kali systemd[1]: Created slice system-getty.slice - Slice /system/getty.
Feb 17 00:04:31 kali systemd[1]: Created slice system-modprobe.slice - Slice /system/modprobe.
Feb 17 00:04:31 kali systemd[1]: Created slice user.slice - User and Session Slice.
Feb 17 00:04:31 kali systemd[1]: Started systemd-ask-password-wall.path - Forward Password Requests to Wall Directory Watch.
Feb 17 00:04:31 kali systemd[1]: Set up automount proc-sys-fs-binfmt_misc.automount - Arbitrary Executable File Formats File System Automount Point.
Feb 17 00:04:31 kali systemd[1]: Reached target nss-user-lookup.target - User and Group Name Lookups.
Feb 17 00:04:31 kali systemd[1]: Reached target slices.target - Slice Units.
Feb 17 00:04:31 kali systemd[1]: Reached target stunnel.target - TLS tunnels for network services - per-config-file target.
Feb 17 00:04:31 kali systemd[1]: Reached target time-set.target - System Time Set.
Feb 17 00:04:31 kali systemd[1]: Listening on systemd-creds.socket - Credential Encryption/Decryption.
Feb 17 00:04:31 kali systemd[1]: Listening on systemd-initctl.socket - initctl Compatibility Named Pipe.
Feb 17 00:04:31 kali systemd[1]: Listening on systemd-journald-dev-log.socket - Journal Socket (/dev/log).
Feb 17 00:04:31 kali systemd[1]: Listening on systemd-journald.socket - Journal Sockets.
Feb 17 00:04:31 kali systemd[1]: systemd-pcrextend.socket - TPM PCR Measurements was skipped because of an unmet condition check (ConditionSecurity=measured-uki).
Feb 17 00:04:31 kali systemd[1]: systemd-pcrlock.socket - Make TPM PCR Policy was skipped because of an unmet condition check (ConditionSecurity=measured-uki).
Feb 17 00:04:31 kali systemd[1]: Listening on systemd-udevd-control.socket - udev Control Socket.
Feb 17 00:04:31 kali systemd[1]: Listening on systemd-udevd-kernel.socket - udev Kernel Socket.
Feb 17 00:04:31 kali systemd[1]: Mounting dev-hugepages.mount - Huge Pages File System...
Feb 17 00:04:31 kali systemd[1]: Mounting dev-mqueue.mount - POSIX Message Queue File System...
Feb 17 00:04:31 kali systemd[1]: Mounting run-lock.mount - Legacy Locks Directory /run/lock...
Feb 17 00:04:31 kali systemd[1]: Mounting sys-kernel-debug.mount - Kernel Debug File System...
Feb 17 00:04:31 kali systemd[1]: Mounting sys-kernel-tracing.mount - Kernel Trace File System...
Feb 17 00:04:31 kali systemd[1]: auth-rpcgss-module.service - Kernel Module supporting RPCSEC_GSS was skipped because of an unmet condition check (ConditionPathExists=/etc/krb5.keytab).
Feb 17 00:04:31 kali systemd[1]: Starting keyboard-setup.service - Set the console keyboard layout...
Feb 17 00:04:31 kali systemd[1]: Starting kmod-static-nodes.service - Create List of Static Device Nodes...
Feb 17 00:04:31 kali systemd[1]: Starting modprobe@configfs.service - Load Kernel Module configfs...
Feb 17 00:04:31 kali systemd[1]: Starting modprobe@drm.service - Load Kernel Module drm...
Feb 17 00:04:31 kali systemd[1]: Starting modprobe@efi_pstore.service - Load Kernel Module efi_pstore...
Feb 17 00:04:31 kali systemd[1]: Starting modprobe@fuse.service - Load Kernel Module fuse...
Feb 17 00:04:31 kali systemd[1]: systemd-fsck-root.service - File System Check on Root Device was skipped because of an unmet condition check (ConditionPathExists=!/run/initramfs/fsck-root).
Feb 17 00:04:31 kali systemd[1]: systemd-hibernate-clear.service - Clear Stale Hibernate Storage Info was skipped because of an unmet condition check (ConditionPathExists=/sys/firmware/efi/efivars/HibernateLocation-8cf2644b-4b0b-428f-9387-6d876050dc67).
Feb 17 00:04:31 kali systemd[1]: Starting systemd-journald.service - Journal Service...
Feb 17 00:04:31 kali systemd[1]: Starting systemd-modules-load.service - Load Kernel Modules...
Feb 17 00:04:31 kali systemd[1]: systemd-pcrmachine.service - TPM PCR Machine ID Measurement was skipped because of an unmet condition check (ConditionSecurity=measured-uki).
Feb 17 00:04:31 kali systemd[1]: Starting systemd-remount-fs.service - Remount Root and Kernel File Systems...
Feb 17 00:04:31 kali systemd[1]: systemd-tpm2-setup-early.service - Early TPM SRK Setup was skipped because of an unmet condition check (ConditionSecurity=measured-uki).
Feb 17 00:04:31 kali systemd[1]: Starting systemd-udev-load-credentials.service - Load udev Rules from Credentials...
Feb 17 00:04:31 kali systemd[1]: Starting systemd-udev-trigger.service - Coldplug All udev Devices...
Feb 17 00:04:31 kali systemd[1]: Mounted dev-hugepages.mount - Huge Pages File System.
Feb 17 00:04:31 kali systemd[1]: Mounted dev-mqueue.mount - POSIX Message Queue File System.
Feb 17 00:04:31 kali systemd[1]: Mounted run-lock.mount - Legacy Locks Directory /run/lock.
Feb 17 00:04:31 kali systemd[1]: Mounted sys-kernel-debug.mount - Kernel Debug File System.
Feb 17 00:04:31 kali systemd[1]: Mounted sys-kernel-tracing.mount - Kernel Trace File System.
Feb 17 00:04:31 kali systemd[1]: Finished kmod-static-nodes.service - Create List of Static Device Nodes.
Feb 17 00:04:31 kali systemd[1]: Finished keyboard-setup.service - Set the console keyboard layout.
Feb 17 00:04:31 kali systemd[1]: modprobe@configfs.service: Deactivated successfully.
Feb 17 00:04:31 kali systemd[1]: Finished modprobe@configfs.service - Load Kernel Module configfs.
Feb 17 00:04:31 kali systemd[1]: modprobe@drm.service: Deactivated successfully.
Feb 17 00:04:31 kali systemd[1]: Finished modprobe@drm.service - Load Kernel Module drm.
Feb 17 00:04:31 kali systemd[1]: modprobe@efi_pstore.service: Deactivated successfully.
Feb 17 00:04:31 kali systemd[1]: Finished modprobe@efi_pstore.service - Load Kernel Module efi_pstore.
Feb 17 00:04:31 kali systemd[1]: Mounting sys-kernel-config.mount - Kernel Configuration File System...
Feb 17 00:04:31 kali systemd[1]: Starting systemd-tmpfiles-setup-dev-early.service - Create Static Device Nodes in /dev gracefully...
Feb 17 00:04:31 kali systemd[1]: modprobe@fuse.service: Deactivated successfully.
Feb 17 00:04:31 kali systemd[1]: Finished modprobe@fuse.service - Load Kernel Module fuse.
Feb 17 00:04:31 kali systemd[1]: Mounting sys-fs-fuse-connections.mount - FUSE Control File System...
Feb 17 00:04:31 kali systemd[1]: Finished systemd-modules-load.service - Load Kernel Modules.
Feb 17 00:04:31 kali systemd[1]: Starting systemd-sysctl.service - Apply Kernel Variables...
Feb 17 00:04:31 kali systemd[1]: Finished systemd-udev-load-credentials.service - Load udev Rules from Credentials.
Feb 17 00:04:31 kali systemd-journald[376]: Collecting audit messages is disabled.
Feb 17 00:04:31 kali kernel: EXT4-fs (sda1): re-mounted af89d218-8d5b-4054-a5b7-db050b5f62a7 r/w.
Feb 17 00:04:31 kali systemd[1]: Finished systemd-remount-fs.service - Remount Root and Kernel File Systems.
Feb 17 00:04:31 kali systemd-journald[376]: Journal started
Feb 17 00:04:31 kali systemd-journald[376]: Runtime Journal (/run/log/journal/686fa41363f049e9a84be345a7078e04) is 2.4M, max 19.7M, 17.2M free.
Feb 17 00:04:31 kali systemd[1]: Activating swap swap.swap - /swap...
Feb 17 00:04:31 kali systemd[1]: systemd-hwdb-update.service - Rebuild Hardware Database was skipped because no trigger condition checks were met.
Feb 17 00:04:31 kali systemd[1]: systemd-pstore.service - Platform Persistent Storage Archival was skipped because of an unmet condition check (ConditionDirectoryNotEmpty=/sys/fs/pstore).
Feb 17 00:04:31 kali systemd[1]: Starting systemd-random-seed.service - Load/Save OS Random Seed...
Feb 17 00:04:31 kali systemd[1]: systemd-tpm2-setup.service - TPM SRK Setup was skipped because of an unmet condition check (ConditionSecurity=measured-uki).
Feb 17 00:04:31 kali systemd[1]: Started systemd-journald.service - Journal Service.
Feb 17 00:04:31 kali systemd[1]: Mounted sys-kernel-config.mount - Kernel Configuration File System.
Feb 17 00:04:31 kali systemd[1]: Finished systemd-sysctl.service - Apply Kernel Variables.
Feb 17 00:04:31 kali systemd[1]: Finished systemd-tmpfiles-setup-dev-early.service - Create Static Device Nodes in /dev gracefully.
Feb 17 00:04:31 kali systemd[1]: Mounted sys-fs-fuse-connections.mount - FUSE Control File System.
Feb 17 00:04:31 kali systemd[1]: Activated swap swap.swap - /swap.
Feb 17 00:04:31 kali systemd[1]: Finished systemd-udev-trigger.service - Coldplug All udev Devices.
Feb 17 00:04:31 kali kernel: Adding 976556k swap on /swap.  Priority:-2 extents:2 across:1107628k 
Feb 17 00:04:31 kali systemd[1]: Reached target swap.target - Swaps.
Feb 17 00:04:31 kali systemd[1]: Starting ifupdown-pre.service - Helper to synchronize boot up for ifupdown...
Feb 17 00:04:31 kali systemd[1]: Starting systemd-journal-flush.service - Flush Journal to Persistent Storage...
Feb 17 00:04:31 kali systemd[1]: Starting systemd-sysusers.service - Create System Users...
Feb 17 00:04:31 kali systemd-journald[376]: Time spent on flushing to /var/log/journal/686fa41363f049e9a84be345a7078e04 is 4.071ms for 561 entries.
Feb 17 00:04:31 kali systemd-journald[376]: System Journal (/var/log/journal/686fa41363f049e9a84be345a7078e04) is 8M, max 4G, 3.9G free.
Feb 17 00:04:31 kali systemd-journald[376]: Received client request to flush runtime journal.
Feb 17 00:04:31 kali systemd[1]: Finished systemd-random-seed.service - Load/Save OS Random Seed.
Feb 17 00:04:31 kali systemd[1]: Finished ifupdown-pre.service - Helper to synchronize boot up for ifupdown.
Feb 17 00:04:31 kali systemd[1]: Finished systemd-journal-flush.service - Flush Journal to Persistent Storage.
Feb 17 00:04:31 kali systemd[1]: Finished systemd-sysusers.service - Create System Users.
Feb 17 00:04:31 kali systemd[1]: Starting systemd-tmpfiles-setup-dev.service - Create Static Device Nodes in /dev...
Feb 17 00:04:31 kali systemd[1]: Finished systemd-tmpfiles-setup-dev.service - Create Static Device Nodes in /dev.
Feb 17 00:04:31 kali systemd[1]: Reached target local-fs-pre.target - Preparation for Local File Systems.
Feb 17 00:04:31 kali systemd[1]: Starting systemd-udevd.service - Rule-based Manager for Device Events and Files...
Feb 17 00:04:31 kali systemd-udevd[430]: Using default interface naming scheme 'v257'.
Feb 17 00:04:31 kali systemd[1]: Started systemd-udevd.service - Rule-based Manager for Device Events and Files.
Feb 17 00:04:31 kali systemd[1]: Starting plymouth-start.service - Show Plymouth Boot Screen...
Feb 17 00:04:31 kali systemd[1]: Started plymouth-start.service - Show Plymouth Boot Screen.
Feb 17 00:04:31 kali systemd[1]: Received SIGRTMIN+20 from PID 290 (plymouthd).
Feb 17 00:04:31 kali systemd[1]: systemd-ask-password-console.path - Dispatch Password Requests to Console Directory Watch was skipped because of an unmet condition check (ConditionPathExists=!/run/plymouth/pid).
Feb 17 00:04:31 kali systemd[1]: Started systemd-ask-password-plymouth.path - Forward Password Requests to Plymouth Directory Watch.
Feb 17 00:04:31 kali systemd[1]: Reached target paths.target - Path Units.
Feb 17 00:04:31 kali kernel: sr 1:0:0:0: Attached scsi generic sg0 type 5
Feb 17 00:04:31 kali kernel: sd 2:0:0:0: Attached scsi generic sg1 type 0
Feb 17 00:04:31 kali mtp-probe[456]: checking bus 1, device 2: "/sys/devices/pci0000:00/0000:00:06.0/usb1/1-1"
Feb 17 00:04:31 kali mtp-probe[456]: bus: 1, device: 2 was not an MTP device
Feb 17 00:04:31 kali kernel: ACPI: AC: AC Adapter [AC] (on-line)
Feb 17 00:04:31 kali kernel: input: PC Speaker as /devices/platform/pcspkr/input/input7
Feb 17 00:04:31 kali kernel: vboxguest: host-version: 7.2.4r170995 0x8000000f
Feb 17 00:04:31 kali kernel: vbg_heartbeat_init: Setting up heartbeat to trigger every 2000 milliseconds
Feb 17 00:04:31 kali kernel: input: VirtualBox mouse integration as /devices/pci0000:00/0000:00:04.0/input/input8
Feb 17 00:04:32 kali kernel: RAPL PMU: API unit is 2^-32 Joules, 0 fixed counters, 10737418240 ms ovfl timer
Feb 17 00:04:32 kali kernel: intel_rapl_msr: PL4 support detected.
Feb 17 00:04:32 kali systemd[1]: Mounting tmp.mount - Temporary Directory /tmp...
Feb 17 00:04:32 kali systemd[1]: Mounted tmp.mount - Temporary Directory /tmp.
Feb 17 00:04:32 kali systemd[1]: Reached target local-fs.target - Local File Systems.
Feb 17 00:04:32 kali systemd[1]: Listening on systemd-sysext.socket - System Extension Image Management.
Feb 17 00:04:32 kali kernel: snd_intel8x0 0000:00:05.0: allow list rate for 1028:0177 is 48000
Feb 17 00:04:32 kali systemd[1]: Starting console-setup.service - Set console font and keymap...
Feb 17 00:04:32 kali systemd[1]: Starting networking.service - Raise network interfaces...
Feb 17 00:04:32 kali systemd[1]: Starting plymouth-read-write.service - Tell Plymouth To Write Out Runtime Data...
Feb 17 00:04:32 kali systemd[1]: Starting systemd-binfmt.service - Set Up Additional Binary Formats...
Feb 17 00:04:32 kali systemd[1]: Starting systemd-tmpfiles-setup.service - Create System Files and Directories...
Feb 17 00:04:32 kali systemd[1]: Reached target sound.target - Sound Card.
Feb 17 00:04:32 kali systemd[1]: Received SIGRTMIN+20 from PID 290 (plymouthd).
Feb 17 00:04:32 kali systemd[1]: Finished plymouth-read-write.service - Tell Plymouth To Write Out Runtime Data.
Feb 17 00:04:32 kali systemd[1]: proc-sys-fs-binfmt_misc.automount: Got automount request for /proc/sys/fs/binfmt_misc, triggered by 509 (systemd-binfmt)
Feb 17 00:04:32 kali systemd[1]: Mounting proc-sys-fs-binfmt_misc.mount - Arbitrary Executable File Formats File System...
Feb 17 00:04:32 kali systemd-tmpfiles[510]: /usr/lib/tmpfiles.d/legacy.conf:14: Duplicate line for path "/run/lock", ignoring.
Feb 17 00:04:32 kali systemd[1]: Mounted proc-sys-fs-binfmt_misc.mount - Arbitrary Executable File Formats File System.
Feb 17 00:04:32 kali systemd[1]: Finished systemd-binfmt.service - Set Up Additional Binary Formats.
Feb 17 00:04:32 kali systemd[1]: Finished systemd-tmpfiles-setup.service - Create System Files and Directories.
Feb 17 00:04:32 kali systemd[1]: Mounting run-rpc_pipefs.mount - RPC Pipe File System...
Feb 17 00:04:32 kali systemd[1]: Started haveged.service - Entropy Daemon based on the HAVEGE algorithm.
Feb 17 00:04:32 kali systemd[1]: Starting ldconfig.service - Rebuild Dynamic Linker Cache...
Feb 17 00:04:32 kali systemd[1]: systemd-firstboot.service - First Boot Wizard was skipped because of an unmet condition check (ConditionFirstBoot=yes).
Feb 17 00:04:32 kali systemd[1]: first-boot-complete.target - First Boot Complete was skipped because of an unmet condition check (ConditionFirstBoot=yes).
Feb 17 00:04:32 kali systemd[1]: Starting systemd-journal-catalog-update.service - Rebuild Journal Catalog...
Feb 17 00:04:32 kali systemd[1]: systemd-machine-id-commit.service - Save Transient machine-id to Disk was skipped because of an unmet condition check (ConditionPathIsMountPoint=/etc/machine-id).
Feb 17 00:04:32 kali (haveged)[556]: haveged.service: Referenced but unset environment variable evaluates to an empty string: DAEMON_ARGS
Feb 17 00:04:32 kali systemd[1]: Finished systemd-journal-catalog-update.service - Rebuild Journal Catalog.
Feb 17 00:04:32 kali haveged[556]: haveged: command socket is listening at fd 3
Feb 17 00:04:32 kali haveged[556]: haveged starting up
Feb 17 00:04:33 kali kernel: RPC: Registered named UNIX socket transport module.
Feb 17 00:04:33 kali kernel: RPC: Registered udp transport module.
Feb 17 00:04:33 kali kernel: RPC: Registered tcp transport module.
Feb 17 00:04:33 kali kernel: RPC: Registered tcp-with-tls transport module.
Feb 17 00:04:33 kali kernel: RPC: Registered tcp NFSv4.1 backchannel transport module.
Feb 17 00:04:33 kali systemd[1]: Mounted run-rpc_pipefs.mount - RPC Pipe File System.
Feb 17 00:04:33 kali systemd[1]: Reached target rpc_pipefs.target.
Feb 17 00:04:33 kali systemd[1]: rpc-gssd.service - RPC security service for NFS client and server was skipped because of an unmet condition check (ConditionPathExists=/etc/krb5.keytab).
Feb 17 00:04:33 kali systemd[1]: Reached target nfs-client.target - NFS client services.
Feb 17 00:04:33 kali systemd[1]: Reached target remote-fs-pre.target - Preparation for Remote File Systems.
Feb 17 00:04:33 kali systemd[1]: Reached target remote-fs.target - Remote File Systems.
Feb 17 00:04:33 kali haveged[556]: haveged: ver: 1.9.19; arch: x86; vend: GenuineIntel; build: (gcc 14.2.0 ITV); collect: 128K
Feb 17 00:04:33 kali haveged[556]: haveged: cpu: (L4 VC); data: 48K (L4 V); inst: 32K (L4 V); idx: 24/40; sz: 32172/54097
Feb 17 00:04:33 kali haveged[556]: haveged: tot tests(BA8): A:1/1 B:1/1 continuous tests(B):  last entropy estimate 7.99912
Feb 17 00:04:33 kali haveged[556]: haveged: fills: 0, generated: 0
Feb 17 00:04:33 kali systemd[1]: Finished networking.service - Raise network interfaces.
Feb 17 00:04:33 kali systemd[1]: Finished console-setup.service - Set console font and keymap.
Feb 17 00:04:34 kali systemd[1]: Finished ldconfig.service - Rebuild Dynamic Linker Cache.
Feb 17 00:04:34 kali systemd[1]: Starting systemd-update-done.service - Update is Completed...
Feb 17 00:04:34 kali systemd[1]: Finished systemd-update-done.service - Update is Completed.
Feb 17 00:04:34 kali systemd[1]: Reached target sysinit.target - System Initialization.
Feb 17 00:04:34 kali systemd[1]: Started apt-daily.timer - Daily apt download activities.
Feb 17 00:04:34 kali systemd[1]: Started apt-daily-upgrade.timer - Daily apt upgrade and clean activities.
Feb 17 00:04:34 kali systemd[1]: Started dpkg-db-backup.timer - Daily dpkg database backup timer.
Feb 17 00:04:34 kali systemd[1]: Started e2scrub_all.timer - Periodic ext4 Online Metadata Check for All Filesystems.
Feb 17 00:04:34 kali systemd[1]: Started fstrim.timer - Discard unused filesystem blocks once a week.
Feb 17 00:04:34 kali systemd[1]: Started logrotate.timer - Daily rotation of log files.
Feb 17 00:04:34 kali systemd[1]: Started man-db.timer - Daily man-db regeneration.
Feb 17 00:04:34 kali systemd[1]: Started phpsessionclean.timer - Clean PHP session files every 30 mins.
Feb 17 00:04:34 kali systemd[1]: Started plocate-updatedb.timer - Update the plocate database daily.
Feb 17 00:04:34 kali systemd[1]: Started systemd-tmpfiles-clean.timer - Daily Cleanup of Temporary Directories.
Feb 17 00:04:34 kali systemd[1]: Reached target timers.target - Timer Units.
Feb 17 00:04:34 kali systemd[1]: Listening on dbus.socket - D-Bus System Message Bus Socket.
Feb 17 00:04:34 kali systemd[1]: Listening on pcscd.socket - PC/SC Smart Card Daemon Activation Socket.
Feb 17 00:04:34 kali systemd[1]: Listening on sshd-unix-local.socket - OpenSSH Server Socket (systemd-ssh-generator, AF_UNIX Local).
Feb 17 00:04:34 kali systemd[1]: Listening on sshd-vsock.socket - OpenSSH Server Socket (systemd-ssh-generator, AF_VSOCK).
Feb 17 00:04:34 kali systemd[1]: Reached target ssh-access.target - SSH Access Available.
Feb 17 00:04:34 kali systemd[1]: Listening on systemd-hostnamed.socket - Hostname Service Socket.
Feb 17 00:04:34 kali systemd[1]: Reached target sockets.target - Socket Units.
Feb 17 00:04:34 kali systemd[1]: systemd-pcrphase-sysinit.service - TPM PCR Barrier (Initialization) was skipped because of an unmet condition check (ConditionSecurity=measured-uki).
Feb 17 00:04:34 kali systemd[1]: Reached target basic.target - Basic System.
Feb 17 00:04:34 kali systemd[1]: System is tainted: unmerged-bin
Feb 17 00:04:34 kali systemd[1]: Starting accounts-daemon.service - Accounts Service...
Feb 17 00:04:34 kali systemd[1]: Started cron.service - Regular background program processing daemon.
Feb 17 00:04:34 kali systemd[1]: Starting dbus.service - D-Bus System Message Bus...
Feb 17 00:04:34 kali systemd[1]: getty-static.service - getty on tty2-tty6 if dbus and logind are not available was skipped because of an unmet condition check (ConditionPathExists=!/usr/bin/dbus-daemon).
Feb 17 00:04:34 kali systemd[1]: Starting grub-install-devices.service - Set GRUB install devices if unset...
Feb 17 00:04:35 kali systemd[1]: Starting polkit.service - Authorization Manager...
Feb 17 00:04:35 kali systemd[1]: Starting regenerate-ssh-host-keys.service - Regenerate SSH host keys...
Feb 17 00:04:35 kali systemd[1]: smartmontools.service - Self Monitoring and Reporting Technology (SMART) Daemon was skipped because of an unmet condition check (ConditionVirtualization=no).
Feb 17 00:04:35 kali cron[798]: (CRON) INFO (pidfile fd = 3)
Feb 17 00:04:35 kali cron[798]: (CRON) INFO (Running @reboot jobs)
Feb 17 00:04:35 kali systemd[1]: Starting systemd-logind.service - User Login Management...
Feb 17 00:04:35 kali systemd[1]: systemd-pcrphase.service - TPM PCR Barrier (User) was skipped because of an unmet condition check (ConditionSecurity=measured-uki).
Feb 17 00:04:35 kali systemd[1]: Starting virtualbox-guest-utils.service - Virtualbox guest utils...
Feb 17 00:04:35 kali systemd-logind[807]: New seat seat0.
Feb 17 00:04:35 kali systemd-logind[807]: Watching system buttons on /dev/input/event1 (Power Button)
Feb 17 00:04:35 kali systemd-logind[807]: Watching system buttons on /dev/input/event2 (Sleep Button)
Feb 17 00:04:35 kali systemd-logind[807]: Watching system buttons on /dev/input/event0 (AT Translated Set 2 keyboard)
Feb 17 00:04:35 kali systemd[1]: Started systemd-logind.service - User Login Management.
Feb 17 00:04:35 kali systemd[1]: Started dbus.service - D-Bus System Message Bus.
Feb 17 00:04:35 kali systemd[1]: Starting NetworkManager.service - Network Manager...
Feb 17 00:04:35 kali polkitd[802]: Started polkitd version 126
Feb 17 00:04:35 kali polkitd[802]: Loading rules from directory /etc/polkit-1/rules.d
Feb 17 00:04:35 kali polkitd[802]: Loading rules from directory /run/polkit-1/rules.d
Feb 17 00:04:35 kali polkitd[802]: Error opening rules directory: Error opening directory “/run/polkit-1/rules.d”: No such file or directory (g-file-error-quark, 4)
Feb 17 00:04:35 kali polkitd[802]: Loading rules from directory /usr/local/share/polkit-1/rules.d
Feb 17 00:04:35 kali polkitd[802]: Error opening rules directory: Error opening directory “/usr/local/share/polkit-1/rules.d”: No such file or directory (g-file-error-quark, 4)
Feb 17 00:04:35 kali polkitd[802]: Loading rules from directory /usr/share/polkit-1/rules.d
Feb 17 00:04:35 kali dbus-daemon[799]: [system] Activating via systemd: service name='org.freedesktop.PolicyKit1' unit='polkit.service' requested by ':1.0' (uid=0 pid=797 comm="/usr/libexec/accounts-daemon")
Feb 17 00:04:35 kali polkitd[802]: Finished loading, compiling and executing 7 rules
Feb 17 00:04:35 kali dbus-daemon[799]: [system] Successfully activated service 'org.freedesktop.PolicyKit1'
Feb 17 00:04:35 kali polkitd[802]: Acquired the name org.freedesktop.PolicyKit1 on the system bus
Feb 17 00:04:35 kali systemd[1]: Started polkit.service - Authorization Manager.
Feb 17 00:04:35 kali systemd[1]: Starting ModemManager.service - Modem Manager...
Feb 17 00:04:35 kali accounts-daemon[797]: started daemon version 23.13.9
Feb 17 00:04:35 kali systemd[1]: Started accounts-daemon.service - Accounts Service.
Feb 17 00:04:35 kali virtualbox-guest-utils[810]: Starting VirtualBox Additions
Feb 17 00:04:35 kali virtualbox-guest-utils[845]: 05:04:35.429292 main     VBoxClient 7.1.12_Debian r169651 (verbosity: 0) linux.amd64 (Jul 21 2025 05:26:51) release log
Feb 17 00:04:35 kali virtualbox-guest-utils[845]: 05:04:35.429294 main     Log opened 2026-02-17T05:04:35.429288000Z
Feb 17 00:04:35 kali virtualbox-guest-utils[845]: 05:04:35.432429 main     OS Product: Linux
Feb 17 00:04:35 kali kernel: 05:04:35.429292 main     VBoxClient 7.1.12_Debian r169651 (verbosity: 0) linux.amd64 (Jul 21 2025 05:26:51) release log
                             05:04:3
Feb 17 00:04:35 kali kernel: 05:04:35.432429 main     OS Product: Linux
Feb 17 00:04:35 kali kernel: 05:04:35.433453 main     OS Release: 6.12.38+kali-amd64
Feb 17 00:04:35 kali virtualbox-guest-utils[845]: 05:04:35.433453 main     OS Release: 6.12.38+kali-amd64
Feb 17 00:04:35 kali virtualbox-guest-utils[845]: 05:04:35.435071 main     OS Version: #1 SMP PREEMPT_DYNAMIC Kali 6.12.38-1kali1 (2025-08-12)
Feb 17 00:04:35 kali virtualbox-guest-utils[845]: 05:04:35.435972 main     Executable: /usr/bin/VBoxClient
Feb 17 00:04:35 kali virtualbox-guest-utils[845]: 05:04:35.435973 main     Process ID: 845
Feb 17 00:04:35 kali virtualbox-guest-utils[845]: 05:04:35.435974 main     Package type: LINUX_64BITS_GENERIC (OSE)
Feb 17 00:04:35 kali virtualbox-guest-utils[845]: 05:04:35.436159 main      VBoxClient 7.1.12_Debian r169651 started. Verbose level = 0
Feb 17 00:04:35 kali virtualbox-guest-utils[845]: 05:04:35.437338 main      rtldrNativeLoad: dlopen('libwayland-client.so', RTLD_NOW | RTLD_LOCAL) failed: libwayland-client.so: cannot open shared object file: No such file or directory
Feb 17 00:04:35 kali kernel: 05:04:35.435071 main     OS Version: #1 SMP PREEMPT_DYNAMIC Kali 6.12.38-1kali1 (2025-08-12)
Feb 17 00:04:35 kali kernel: 05:04:35.435972 main     Executable: /usr/bin/VBoxClient
                             05:04:35.435973 main     Process ID: 845
                             05:04:35.435974 main     Pack
Feb 17 00:04:35 kali kernel: 05:04:35.436159 main      VBoxClient 7.1.12_Debian r169651 started. Verbose level = 0
Feb 17 00:04:35 kali NetworkManager[824]: <info>  [1771304675.4402] NetworkManager (version 1.54.0) is starting... (boot:c897d6f6-8801-4a3b-9c58-fb0e3aedaec4)
Feb 17 00:04:35 kali NetworkManager[824]: <info>  [1771304675.4403] Read config: /etc/NetworkManager/NetworkManager.conf, /usr/lib/NetworkManager/conf.d/no-mac-addr-change.conf
Feb 17 00:04:35 kali ModemManager[838]: <msg> ModemManager (version 1.24.2) starting in system bus...
Feb 17 00:04:35 kali virtualbox-guest-utils[845]: error: XDG_RUNTIME_DIR is invalid or not set in the environment.
Feb 17 00:04:35 kali kernel: 05:04:35.437338 main      rtldrNativeLoad: dlopen('libwayland-client.so', RTLD_NOW | RTLD_LOCAL) failed: libwayland-client.so: 
Feb 17 00:04:35 kali kernel: 05:04:35.449991 main      Session type is: VBGHDISPLAYSERVERTYPE_NONE
Feb 17 00:04:35 kali virtualbox-guest-utils[845]: 05:04:35.449991 main      Session type is: VBGHDISPLAYSERVERTYPE_NONE
Feb 17 00:04:35 kali virtualbox-guest-utils[845]: 05:04:35.450395 main      Service: SVGA X11 display
Feb 17 00:04:35 kali virtualbox-guest-utils[845]: 05:04:35.451378 main      Daemonizing service ...
Feb 17 00:04:35 kali kernel: 05:04:35.450395 main      Service: SVGA X11 display
Feb 17 00:04:35 kali kernel: 05:04:35.451378 main      Daemonizing service ...
Feb 17 00:04:35 kali kernel: 05:04:35.453265 main      Initializing service ...
Feb 17 00:04:35 kali kernel: 05:04:35.454424 main      Service is not availabe, skipping
Feb 17 00:04:35 kali virtualbox-guest-utils[855]: 05:04:35.465680 main     VBoxService 7.1.12_Debian r169651 (verbosity: 0) linux.amd64 (Jul 21 2025 05:26:51) release log
Feb 17 00:04:35 kali virtualbox-guest-utils[855]: 05:04:35.465682 main     Log opened 2026-02-17T05:04:35.465677000Z
Feb 17 00:04:35 kali kernel: 05:04:35.465680 main     VBoxService 7.1.12_Debian r169651 (verbosity: 0) linux.amd64 (Jul 21 2025 05:26:51) release log
                             05:04:
Feb 17 00:04:35 kali kernel: 05:04:35.466141 main     OS Product: Linux
Feb 17 00:04:35 kali virtualbox-guest-utils[855]: 05:04:35.466141 main     OS Product: Linux
Feb 17 00:04:35 kali virtualbox-guest-utils[855]: 05:04:35.466742 main     OS Release: 6.12.38+kali-amd64
Feb 17 00:04:35 kali virtualbox-guest-utils[855]: 05:04:35.467264 main     OS Version: #1 SMP PREEMPT_DYNAMIC Kali 6.12.38-1kali1 (2025-08-12)
Feb 17 00:04:35 kali virtualbox-guest-utils[855]: 05:04:35.467399 main     Executable: /usr/sbin/VBoxService
Feb 17 00:04:35 kali virtualbox-guest-utils[855]: 05:04:35.467400 main     Process ID: 855
Feb 17 00:04:35 kali virtualbox-guest-utils[855]: 05:04:35.467400 main     Package type: LINUX_64BITS_GENERIC (OSE)
Feb 17 00:04:35 kali kernel: 05:04:35.466742 main     OS Release: 6.12.38+kali-amd64
Feb 17 00:04:35 kali kernel: 05:04:35.467264 main     OS Version: #1 SMP PREEMPT_DYNAMIC Kali 6.12.38-1kali1 (2025-08-12)
Feb 17 00:04:35 kali kernel: 05:04:35.467399 main     Executable: /usr/sbin/VBoxService
                             05:04:35.467400 main     Process ID: 855
                             05:04:35.467400 main     Pa
Feb 17 00:04:35 kali kernel: 05:04:35.481724 main     VMSVGA DRM resizing client not started, rc=VERR_FILE_NOT_FOUND
Feb 17 00:04:35 kali virtualbox-guest-utils[855]: 05:04:35.481724 main     VMSVGA DRM resizing client not started, rc=VERR_FILE_NOT_FOUND
Feb 17 00:04:35 kali kernel: 05:04:35.492293 main     7.1.12_Debian r169651 started. Verbose level = 0
Feb 17 00:04:35 kali virtualbox-guest-utils[855]: 05:04:35.492293 main     7.1.12_Debian r169651 started. Verbose level = 0
Feb 17 00:04:35 kali NetworkManager[824]: <info>  [1771304675.4908] manager[0x56037f7ae260]: monitoring kernel firmware directory '/lib/firmware'.
Feb 17 00:04:35 kali NetworkManager[824]: <info>  [1771304675.4909] monitoring ifupdown state file '/run/network/ifstate'.
Feb 17 00:04:35 kali virtualbox-guest-utils[810]: .
Feb 17 00:04:35 kali systemd[1]: Started virtualbox-guest-utils.service - Virtualbox guest utils.
Feb 17 00:04:35 kali kernel: 05:04:35.508720 main     vbglR3GuestCtrlDetectPeekGetCancelSupport: Supported (#1)
Feb 17 00:04:35 kali dbus-daemon[799]: [system] Activating via systemd: service name='org.freedesktop.hostname1' unit='dbus-org.freedesktop.hostname1.service' requested by ':1.4' (uid=0 pid=824 comm="/usr/sbin/NetworkManager --no-daemon")
Feb 17 00:04:35 kali systemd[1]: Starting systemd-hostnamed.service - Hostname Service...
Feb 17 00:04:35 kali kernel: NET: Registered PF_QIPCRTR protocol family
Feb 17 00:04:35 kali systemd[1]: Started ModemManager.service - Modem Manager.
Feb 17 00:04:35 kali systemd[1]: Started systemd-hostnamed.service - Hostname Service.
Feb 17 00:04:35 kali dbus-daemon[799]: [system] Successfully activated service 'org.freedesktop.hostname1'
Feb 17 00:04:35 kali NetworkManager[824]: <info>  [1771304675.6834] hostname: hostname: using hostnamed
Feb 17 00:04:35 kali NetworkManager[824]: <info>  [1771304675.6835] hostname: static hostname changed from (none) to "kali"
Feb 17 00:04:35 kali NetworkManager[824]: <info>  [1771304675.6849] dns-mgr: init: dns=default,systemd-resolved rc-manager=symlink (auto)
Feb 17 00:04:35 kali NetworkManager[824]: <info>  [1771304675.7108] manager[0x56037f7ae260]: rfkill: Wi-Fi hardware radio set enabled
Feb 17 00:04:35 kali NetworkManager[824]: <info>  [1771304675.7108] manager[0x56037f7ae260]: rfkill: WWAN hardware radio set enabled
Feb 17 00:04:35 kali systemd[1]: Listening on systemd-rfkill.socket - Load/Save RF Kill Switch Status /dev/rfkill Watch.
Feb 17 00:04:35 kali NetworkManager[824]: <info>  [1771304675.7264] Loaded device plugin: NMTeamFactory (/usr/lib/x86_64-linux-gnu/NetworkManager/1.54.0/libnm-device-plugin-team.so)
Feb 17 00:04:35 kali NetworkManager[824]: <info>  [1771304675.7337] Loaded device plugin: NMWifiFactory (/usr/lib/x86_64-linux-gnu/NetworkManager/1.54.0/libnm-device-plugin-wifi.so)
Feb 17 00:04:35 kali NetworkManager[824]: <info>  [1771304675.7352] Loaded device plugin: NMAtmManager (/usr/lib/x86_64-linux-gnu/NetworkManager/1.54.0/libnm-device-plugin-adsl.so)
Feb 17 00:04:35 kali NetworkManager[824]: <info>  [1771304675.7428] Loaded device plugin: NMWwanFactory (/usr/lib/x86_64-linux-gnu/NetworkManager/1.54.0/libnm-device-plugin-wwan.so)
Feb 17 00:04:35 kali NetworkManager[824]: <info>  [1771304675.7468] Loaded device plugin: NMBluezManager (/usr/lib/x86_64-linux-gnu/NetworkManager/1.54.0/libnm-device-plugin-bluetooth.so)
Feb 17 00:04:35 kali NetworkManager[824]: <info>  [1771304675.7484] manager: rfkill: Wi-Fi enabled by radio killswitch; enabled by state file
Feb 17 00:04:35 kali NetworkManager[824]: <info>  [1771304675.7490] manager: rfkill: WWAN enabled by radio killswitch; enabled by state file
Feb 17 00:04:35 kali NetworkManager[824]: <info>  [1771304675.7491] manager: Networking is enabled by state file
Feb 17 00:04:35 kali dbus-daemon[799]: [system] Activating via systemd: service name='org.freedesktop.nm_dispatcher' unit='dbus-org.freedesktop.nm-dispatcher.service' requested by ':1.4' (uid=0 pid=824 comm="/usr/sbin/NetworkManager --no-daemon")
Feb 17 00:04:35 kali NetworkManager[824]: <info>  [1771304675.7532] settings: Loaded settings plugin: ifupdown ("/usr/lib/x86_64-linux-gnu/NetworkManager/1.54.0/libnm-settings-plugin-ifupdown.so")
Feb 17 00:04:35 kali NetworkManager[824]: <info>  [1771304675.7533] settings: Loaded settings plugin: keyfile (internal)
Feb 17 00:04:35 kali NetworkManager[824]: <info>  [1771304675.7544] ifupdown: management mode: unmanaged
Feb 17 00:04:35 kali NetworkManager[824]: <info>  [1771304675.7544] ifupdown:       interface-parser: parsing file /etc/network/interfaces
Feb 17 00:04:35 kali NetworkManager[824]: <info>  [1771304675.7545] ifupdown:       interface-parser: source line includes interfaces file(s) /etc/network/interfaces.d/*
Feb 17 00:04:35 kali NetworkManager[824]: <info>  [1771304675.7545] ifupdown: interfaces file /etc/network/interfaces.d/* doesn't exist
Feb 17 00:04:35 kali NetworkManager[824]: <info>  [1771304675.7545] ifupdown:       interface-parser: finished parsing file /etc/network/interfaces
Feb 17 00:04:35 kali ssh-keygen[803]: ssh-keygen: generating new host keys: RSA ECDSA ED25519
Feb 17 00:04:35 kali NetworkManager[824]: <info>  [1771304675.7597] dhcp: init: Using DHCP client 'internal'
Feb 17 00:04:35 kali NetworkManager[824]: <info>  [1771304675.7600] manager: (lo): new Loopback device (/org/freedesktop/NetworkManager/Devices/1)
Feb 17 00:04:35 kali systemd[1]: Starting NetworkManager-dispatcher.service - Network Manager Script Dispatcher Service...
Feb 17 00:04:35 kali systemd[1]: regenerate-ssh-host-keys.service: Deactivated successfully.
Feb 17 00:04:35 kali systemd[1]: Finished regenerate-ssh-host-keys.service - Regenerate SSH host keys.
Feb 17 00:04:35 kali NetworkManager[824]: <info>  [1771304675.7698] device (lo): state change: unmanaged -> unavailable (reason 'connection-assumed', managed-type: 'external')
Feb 17 00:04:35 kali NetworkManager[824]: <info>  [1771304675.7703] device (lo): state change: unavailable -> disconnected (reason 'connection-assumed', managed-type: 'external')
Feb 17 00:04:35 kali NetworkManager[824]: <info>  [1771304675.7707] device (lo): Activation: starting connection 'lo' (8b4b7990-77b3-4f53-9bce-019af38aaee6)
Feb 17 00:04:35 kali NetworkManager[824]: <info>  [1771304675.7712] manager: (eth0): new Ethernet device (/org/freedesktop/NetworkManager/Devices/2)
Feb 17 00:04:35 kali NetworkManager[824]: <info>  [1771304675.7717] settings: (eth0): created default wired connection 'Wired connection 1'
Feb 17 00:04:35 kali NetworkManager[824]: <info>  [1771304675.7719] device (eth0): state change: unmanaged -> unavailable (reason 'managed', managed-type: 'external')
Feb 17 00:04:35 kali kernel: e1000: eth0 NIC Link is Up 1000 Mbps Full Duplex, Flow Control: RX
Feb 17 00:04:35 kali systemd[1]: Started NetworkManager.service - Network Manager.
Feb 17 00:04:35 kali systemd[1]: Reached target network.target - Network.
Feb 17 00:04:35 kali systemd[1]: Starting NetworkManager-wait-online.service - Network Manager Wait Online...
Feb 17 00:04:35 kali NetworkManager[824]: <info>  [1771304675.8117] bus-manager: acquired D-Bus service "org.freedesktop.NetworkManager"
Feb 17 00:04:35 kali systemd[1]: Starting systemd-user-sessions.service - Permit User Sessions...
Feb 17 00:04:35 kali dbus-daemon[799]: [system] Successfully activated service 'org.freedesktop.nm_dispatcher'
Feb 17 00:04:35 kali NetworkManager[824]: <info>  [1771304675.8276] device (lo): state change: disconnected -> prepare (reason 'none', managed-type: 'external')
Feb 17 00:04:35 kali NetworkManager[824]: <info>  [1771304675.8278] device (lo): state change: prepare -> config (reason 'none', managed-type: 'external')
Feb 17 00:04:35 kali NetworkManager[824]: <info>  [1771304675.8279] device (lo): state change: config -> ip-config (reason 'none', managed-type: 'external')
Feb 17 00:04:35 kali NetworkManager[824]: <info>  [1771304675.8280] device (eth0): carrier: link connected
Feb 17 00:04:35 kali NetworkManager[824]: <info>  [1771304675.8284] device (lo): state change: ip-config -> ip-check (reason 'none', managed-type: 'external')
Feb 17 00:04:35 kali NetworkManager[824]: <info>  [1771304675.8287] device (eth0): state change: unavailable -> disconnected (reason 'carrier-changed', managed-type: 'full')
Feb 17 00:04:35 kali systemd[1]: Started NetworkManager-dispatcher.service - Network Manager Script Dispatcher Service.
Feb 17 00:04:35 kali NetworkManager[824]: <info>  [1771304675.8607] modem-manager: oFono is not available
Feb 17 00:04:35 kali NetworkManager[824]: <info>  [1771304675.8660] policy: auto-activating connection 'Wired connection 1' (56d757b0-c87e-3745-8069-186f30c9e902)
Feb 17 00:04:35 kali NetworkManager[824]: <info>  [1771304675.8683] device (eth0): Activation: starting connection 'Wired connection 1' (56d757b0-c87e-3745-8069-186f30c9e902)
Feb 17 00:04:35 kali NetworkManager[824]: <info>  [1771304675.8687] device (lo): state change: ip-check -> secondaries (reason 'none', managed-type: 'external')
Feb 17 00:04:35 kali NetworkManager[824]: <info>  [1771304675.8691] device (eth0): state change: disconnected -> prepare (reason 'none', managed-type: 'full')
Feb 17 00:04:35 kali NetworkManager[824]: <info>  [1771304675.8694] manager: NetworkManager state is now CONNECTING
Feb 17 00:04:35 kali NetworkManager[824]: <info>  [1771304675.8697] device (eth0): state change: prepare -> config (reason 'none', managed-type: 'full')
Feb 17 00:04:35 kali NetworkManager[824]: <info>  [1771304675.8809] device (lo): state change: secondaries -> activated (reason 'none', managed-type: 'external')
Feb 17 00:04:35 kali NetworkManager[824]: <info>  [1771304675.8816] device (lo): Activation: successful, device activated.
Feb 17 00:04:35 kali NetworkManager[824]: <info>  [1771304675.8824] device (eth0): state change: config -> ip-config (reason 'none', managed-type: 'full')
Feb 17 00:04:35 kali NetworkManager[824]: <info>  [1771304675.8894] dhcp4 (eth0): activation: beginning transaction (timeout in 45 seconds)
Feb 17 00:04:35 kali NetworkManager[824]: <info>  [1771304675.8947] modem-manager: ModemManager available
Feb 17 00:04:35 kali systemd[1]: Finished systemd-user-sessions.service - Permit User Sessions.
Feb 17 00:04:35 kali NetworkManager[824]: <info>  [1771304675.9036] dhcp4 (eth0): state changed new lease, address=10.0.2.15, acd pending
Feb 17 00:04:35 kali systemd[1]: Starting lightdm.service - Light Display Manager...
Feb 17 00:04:35 kali systemd[1]: Starting plymouth-quit-wait.service - Hold until boot process finishes up...
Feb 17 00:04:35 kali set-grub-install-devices[886]: info: Trying to set 'grub-pc/install_devices' [string] to '/dev/sda'
Feb 17 00:04:35 kali set-grub-install-devices[886]: info: Loading answer for 'grub-pc/install_devices'
Feb 17 00:04:36 kali systemd[1]: Finished plymouth-quit-wait.service - Hold until boot process finishes up.
Feb 17 00:04:36 kali systemd[1]: Received SIGRTMIN+21 from PID 290 (plymouthd).
Feb 17 00:04:36 kali lightdm[895]: Could not enumerate user data directory /var/lib/lightdm/data: Error opening directory '/var/lib/lightdm/data': No such file or directory
Feb 17 00:04:36 kali systemd[1]: Started getty@tty1.service - Getty on tty1.
Feb 17 00:04:36 kali systemd[1]: Reached target getty.target - Login Prompts.
Feb 17 00:04:36 kali systemd[1]: Started lightdm.service - Light Display Manager.
Feb 17 00:04:36 kali rm[911]: removed '/usr/local/sbin/set-grub-install-devices'
Feb 17 00:04:36 kali systemd[1]: Finished grub-install-devices.service - Set GRUB install devices if unset.
Feb 17 00:04:36 kali systemd[1]: Reached target multi-user.target - Multi-User System.
Feb 17 00:04:36 kali systemd[1]: Reached target graphical.target - Graphical Interface.
Feb 17 00:04:36 kali NetworkManager[824]: <info>  [1771304676.0703] dhcp4 (eth0): state changed new lease, address=10.0.2.15
Feb 17 00:04:36 kali NetworkManager[824]: <info>  [1771304676.0716] policy: set 'Wired connection 1' (eth0) as default for IPv4 routing and DNS
Feb 17 00:04:36 kali NetworkManager[824]: <info>  [1771304676.0745] device (eth0): state change: ip-config -> ip-check (reason 'none', managed-type: 'full')
Feb 17 00:04:36 kali NetworkManager[824]: <info>  [1771304676.0760] device (eth0): state change: ip-check -> secondaries (reason 'none', managed-type: 'full')
Feb 17 00:04:36 kali NetworkManager[824]: <info>  [1771304676.0763] device (eth0): state change: secondaries -> activated (reason 'none', managed-type: 'full')
Feb 17 00:04:36 kali NetworkManager[824]: <info>  [1771304676.0767] manager: NetworkManager state is now CONNECTED_SITE
Feb 17 00:04:36 kali NetworkManager[824]: <info>  [1771304676.0777] device (eth0): Activation: successful, device activated.
Feb 17 00:04:36 kali NetworkManager[824]: <info>  [1771304676.0803] manager: NetworkManager state is now CONNECTED_GLOBAL
Feb 17 00:04:36 kali NetworkManager[824]: <info>  [1771304676.0812] manager: startup complete
Feb 17 00:04:36 kali systemd[1]: Finished NetworkManager-wait-online.service - Network Manager Wait Online.
Feb 17 00:04:36 kali systemd[1]: Reached target network-online.target - Network is Online.
Feb 17 00:04:36 kali systemd[1]: Starting rpc-statd-notify.service - Notify NFS peers of a restart...
Feb 17 00:04:36 kali sm-notify[917]: Version 2.8.3 starting
Feb 17 00:04:36 kali systemd[1]: Started rpc-statd-notify.service - Notify NFS peers of a restart.
Feb 17 00:04:36 kali systemd[1]: Startup finished in 4.602s (kernel) + 6.042s (userspace) = 10.645s.
Feb 17 00:04:37 kali lightdm[925]: pam_unix(lightdm-greeter:session): session opened for user lightdm(uid=111) by (uid=0)
Feb 17 00:04:37 kali systemd[1]: Created slice user-111.slice - User Slice of UID 111.
Feb 17 00:04:37 kali systemd[1]: Starting user-runtime-dir@111.service - User Runtime Directory /run/user/111...
Feb 17 00:04:37 kali systemd-logind[807]: New session c1 of user lightdm.
Feb 17 00:04:37 kali systemd[1]: Finished user-runtime-dir@111.service - User Runtime Directory /run/user/111.
Feb 17 00:04:37 kali systemd[1]: Starting user@111.service - User Manager for UID 111...
Feb 17 00:04:37 kali (systemd)[931]: pam_unix(systemd-user:session): session opened for user lightdm(uid=111) by lightdm(uid=0)
Feb 17 00:04:37 kali systemd-logind[807]: New session 1 of user lightdm.
Feb 17 00:04:37 kali systemd[931]: Queued start job for default target default.target.
Feb 17 00:04:37 kali systemd[931]: Created slice app.slice - User Application Slice.
Feb 17 00:04:37 kali systemd[931]: Created slice session.slice - User Core Session Slice.
Feb 17 00:04:37 kali systemd[931]: Reached target paths.target - Paths.
Feb 17 00:04:37 kali systemd[931]: Reached target timers.target - Timers.
Feb 17 00:04:37 kali systemd[931]: Starting dbus.socket - D-Bus User Message Bus Socket...
Feb 17 00:04:37 kali systemd[931]: Listening on dirmngr.socket - GnuPG network certificate management daemon.
Feb 17 00:04:37 kali systemd[931]: Listening on gnome-keyring-daemon.socket - GNOME Keyring daemon.
Feb 17 00:04:37 kali systemd[931]: Listening on gpg-agent-browser.socket - GnuPG cryptographic agent and passphrase cache (access for web browsers).
Feb 17 00:04:37 kali systemd[931]: Listening on gpg-agent-extra.socket - GnuPG cryptographic agent and passphrase cache (restricted).
Feb 17 00:04:37 kali systemd[931]: Starting gpg-agent-ssh.socket - GnuPG cryptographic agent (ssh-agent emulation)...
Feb 17 00:04:37 kali systemd[931]: Starting gpg-agent.socket - GnuPG cryptographic agent and passphrase cache...
Feb 17 00:04:37 kali systemd[931]: Listening on keyboxd.socket - GnuPG public key management service.
Feb 17 00:04:37 kali systemd[931]: Listening on pipewire-pulse.socket - PipeWire PulseAudio.
Feb 17 00:04:37 kali systemd[931]: Listening on pipewire.socket - PipeWire Multimedia System Sockets.
Feb 17 00:04:37 kali systemd[931]: Listening on speech-dispatcher.socket - Speech Dispatcher Socket.
Feb 17 00:04:37 kali systemd[931]: Starting ssh-agent.socket - OpenSSH Agent socket...
Feb 17 00:04:37 kali systemd[931]: Listening on dbus.socket - D-Bus User Message Bus Socket.
Feb 17 00:04:37 kali systemd[931]: Listening on gpg-agent.socket - GnuPG cryptographic agent and passphrase cache.
Feb 17 00:04:37 kali systemd[931]: Listening on ssh-agent.socket - OpenSSH Agent socket.
Feb 17 00:04:37 kali systemd[931]: Listening on gpg-agent-ssh.socket - GnuPG cryptographic agent (ssh-agent emulation).
Feb 17 00:04:37 kali systemd[931]: Starting gcr-ssh-agent.socket - GCR ssh-agent wrapper...
Feb 17 00:04:37 kali systemd[931]: Listening on gcr-ssh-agent.socket - GCR ssh-agent wrapper.
Feb 17 00:04:37 kali systemd[931]: Reached target sockets.target - Sockets.
Feb 17 00:04:37 kali systemd[931]: Reached target basic.target - Basic System.
Feb 17 00:04:37 kali systemd[1]: Started user@111.service - User Manager for UID 111.
Feb 17 00:04:37 kali systemd[931]: Starting dbus.service - D-Bus User Message Bus...
Feb 17 00:04:37 kali systemd[1]: Started session-c1.scope - Session c1 of User lightdm.
Feb 17 00:04:37 kali systemd[931]: Started pipewire.service - PipeWire Multimedia Service.
Feb 17 00:04:37 kali lightdm[925]: pam_unix(lightdm-greeter:session): session opened for user lightdm(uid=111) by (uid=0)
Feb 17 00:04:37 kali systemd[931]: Started filter-chain.service - PipeWire filter chain daemon.
Feb 17 00:04:37 kali systemd[931]: Started dbus.service - D-Bus User Message Bus.
Feb 17 00:04:37 kali dbus-daemon[799]: [system] Activating via systemd: service name='org.freedesktop.RealtimeKit1' unit='rtkit-daemon.service' requested by ':1.18' (uid=111 pid=955 comm="/usr/bin/pipewire")
Feb 17 00:04:37 kali systemd[931]: mpris-proxy.service - Bluetooth mpris proxy was skipped because of an unmet condition check (ConditionUser=!@system).
Feb 17 00:04:37 kali systemd[1]: Starting rtkit-daemon.service - RealtimeKit Scheduling Policy Service...
Feb 17 00:04:37 kali systemd[931]: Started wireplumber.service - Multimedia Service Session Manager.
Feb 17 00:04:37 kali systemd[931]: Started pipewire-pulse.service - PipeWire PulseAudio.
Feb 17 00:04:37 kali systemd[931]: Reached target default.target - Main User Target.
Feb 17 00:04:37 kali systemd[931]: Startup finished in 288ms.
Feb 17 00:04:37 kali dbus-daemon[799]: [system] Successfully activated service 'org.freedesktop.RealtimeKit1'
Feb 17 00:04:37 kali systemd[1]: Started rtkit-daemon.service - RealtimeKit Scheduling Policy Service.
Feb 17 00:04:37 kali rtkit-daemon[959]: Successfully called chroot.
Feb 17 00:04:37 kali rtkit-daemon[959]: Successfully dropped privileges.
Feb 17 00:04:37 kali rtkit-daemon[959]: Successfully limited resources.
Feb 17 00:04:37 kali rtkit-daemon[959]: Running.
Feb 17 00:04:37 kali rtkit-daemon[959]: Supervising 0 threads of 0 processes of 0 users.
Feb 17 00:04:37 kali rtkit-daemon[959]: Supervising 0 threads of 0 processes of 0 users.
Feb 17 00:04:37 kali rtkit-daemon[959]: Canary thread running.
Feb 17 00:04:37 kali rtkit-daemon[959]: Watchdog thread running.
Feb 17 00:04:37 kali rtkit-daemon[959]: Supervising 0 threads of 0 processes of 0 users.
Feb 17 00:04:37 kali rtkit-daemon[959]: Supervising 0 threads of 0 processes of 0 users.
Feb 17 00:04:37 kali rtkit-daemon[959]: Supervising 0 threads of 0 processes of 0 users.
Feb 17 00:04:37 kali rtkit-daemon[959]: Supervising 0 threads of 0 processes of 0 users.
Feb 17 00:04:37 kali rtkit-daemon[959]: Successfully made thread 955 of process 955 owned by '111' high priority at nice level -11.
Feb 17 00:04:37 kali rtkit-daemon[959]: Supervising 1 threads of 1 processes of 1 users.
Feb 17 00:04:37 kali rtkit-daemon[959]: Successfully made thread 964 of process 955 owned by '111' RT at priority 20.
Feb 17 00:04:37 kali rtkit-daemon[959]: Supervising 2 threads of 1 processes of 1 users.
Feb 17 00:04:37 kali rtkit-daemon[959]: Supervising 2 threads of 1 processes of 1 users.
Feb 17 00:04:37 kali rtkit-daemon[959]: Supervising 2 threads of 1 processes of 1 users.
Feb 17 00:04:37 kali rtkit-daemon[959]: Supervising 2 threads of 1 processes of 1 users.
Feb 17 00:04:37 kali rtkit-daemon[959]: Successfully made thread 961 of process 961 owned by '111' high priority at nice level -11.
Feb 17 00:04:37 kali rtkit-daemon[959]: Supervising 3 threads of 2 processes of 1 users.
Feb 17 00:04:37 kali rtkit-daemon[959]: Successfully made thread 972 of process 961 owned by '111' RT at priority 20.
Feb 17 00:04:37 kali rtkit-daemon[959]: Supervising 4 threads of 2 processes of 1 users.
Feb 17 00:04:37 kali rtkit-daemon[959]: Supervising 4 threads of 2 processes of 1 users.
Feb 17 00:04:37 kali rtkit-daemon[959]: Supervising 4 threads of 2 processes of 1 users.
Feb 17 00:04:37 kali rtkit-daemon[959]: Supervising 4 threads of 2 processes of 1 users.
Feb 17 00:04:37 kali rtkit-daemon[959]: Successfully made thread 960 of process 960 owned by '111' high priority at nice level -11.
Feb 17 00:04:37 kali rtkit-daemon[959]: Supervising 5 threads of 3 processes of 1 users.
Feb 17 00:04:37 kali rtkit-daemon[959]: Successfully made thread 980 of process 960 owned by '111' RT at priority 20.
Feb 17 00:04:37 kali rtkit-daemon[959]: Supervising 6 threads of 3 processes of 1 users.
Feb 17 00:04:37 kali dbus-daemon[954]: [session uid=111 pid=954 pidfd=5] Activating via systemd: service name='org.a11y.Bus' unit='at-spi-dbus-bus.service' requested by ':1.9' (uid=111 pid=957 comm="/usr/sbin/lightdm-gtk-greeter")
Feb 17 00:04:37 kali systemd[931]: Starting at-spi-dbus-bus.service - Accessibility services bus...
Feb 17 00:04:37 kali dbus-daemon[954]: [session uid=111 pid=954 pidfd=5] Successfully activated service 'org.a11y.Bus'
Feb 17 00:04:37 kali systemd[931]: Started at-spi-dbus-bus.service - Accessibility services bus.
Feb 17 00:04:37 kali wireplumber[960]: spa.alsa: The decibel volume range for element 'Center' (-4650 dB - -2400 dB) has negative maximum. Disabling the decibel range.
Feb 17 00:04:37 kali wireplumber[960]: spa.alsa: The decibel volume range for element 'LFE' (-4650 dB - -2400 dB) has negative maximum. Disabling the decibel range.
Feb 17 00:04:37 kali wireplumber[960]: spa.alsa: The decibel volume range for element 'Center' (-4650 dB - -2400 dB) has negative maximum. Disabling the decibel range.
Feb 17 00:04:37 kali wireplumber[960]: spa.alsa: The decibel volume range for element 'LFE' (-4650 dB - -2400 dB) has negative maximum. Disabling the decibel range.
Feb 17 00:04:37 kali wireplumber[960]: spa.alsa: The decibel volume range for element 'Center' (-4650 dB - -2400 dB) has negative maximum. Disabling the decibel range.
Feb 17 00:04:37 kali wireplumber[960]: spa.alsa: The decibel volume range for element 'LFE' (-4650 dB - -2400 dB) has negative maximum. Disabling the decibel range.
Feb 17 00:04:37 kali wireplumber[960]: spa.alsa: The decibel volume range for element 'Center' (-4650 dB - -2400 dB) has negative maximum. Disabling the decibel range.
Feb 17 00:04:37 kali wireplumber[960]: spa.alsa: The decibel volume range for element 'LFE' (-4650 dB - -2400 dB) has negative maximum. Disabling the decibel range.
Feb 17 00:04:37 kali wireplumber[960]: spa.alsa: The decibel volume range for element 'Center' (-4650 dB - -2400 dB) has negative maximum. Disabling the decibel range.
Feb 17 00:04:37 kali wireplumber[960]: spa.alsa: The decibel volume range for element 'LFE' (-4650 dB - -2400 dB) has negative maximum. Disabling the decibel range.
Feb 17 00:04:37 kali dbus-daemon[954]: [session uid=111 pid=954 pidfd=5] Activating via systemd: service name='org.gtk.vfs.Daemon' unit='gvfs-daemon.service' requested by ':1.11' (uid=111 pid=957 comm="/usr/sbin/lightdm-gtk-greeter")
Feb 17 00:04:37 kali systemd[931]: Starting gvfs-daemon.service - Virtual filesystem service...
Feb 17 00:04:37 kali NetworkManager[824]: <info>  [1771304677.9326] policy: set 'Wired connection 1' (eth0) as default for IPv6 routing and DNS
Feb 17 00:04:37 kali dbus-daemon[954]: [session uid=111 pid=954 pidfd=5] Successfully activated service 'org.gtk.vfs.Daemon'
Feb 17 00:04:37 kali systemd[931]: Started gvfs-daemon.service - Virtual filesystem service.
Feb 17 00:04:38 kali wireplumber[960]: default: Failed to get percentage from UPower: org.freedesktop.DBus.Error.NameHasNoOwner
Feb 17 00:04:38 kali wireplumber[960]: spa.bluez5: BlueZ system service is not available
Feb 17 00:04:38 kali wireplumber[960]: wp-device: SPA handle 'api.libcamera.enum.manager' could not be loaded; is it installed?
Feb 17 00:04:38 kali wireplumber[960]: s-monitors-libcamera: PipeWire's libcamera SPA plugin is missing or broken. Some camera types may not be supported.
Feb 17 00:04:38 kali at-spi-bus-launcher[989]: dbus-daemon[989]: Activating service name='org.a11y.atspi.Registry' requested by ':1.0' (uid=111 pid=957 comm="/usr/sbin/lightdm-gtk-greeter")
Feb 17 00:04:38 kali at-spi-bus-launcher[989]: dbus-daemon[989]: Successfully activated service 'org.a11y.atspi.Registry'
Feb 17 00:04:38 kali at-spi-bus-launcher[1023]: SpiRegistry daemon is running with well-known name - org.a11y.atspi.Registry
Feb 17 00:04:39 kali ModemManager[838]: <msg> [base-manager] couldn't check support for device '/sys/devices/pci0000:00/0000:00:03.0': not supported by any plugin
Feb 17 00:04:45 kali systemd[1]: NetworkManager-dispatcher.service: Deactivated successfully.
Feb 17 00:05:01 kali CRON[1028]: pam_unix(cron:session): session opened for user root(uid=0) by root(uid=0)
Feb 17 00:05:01 kali CRON[1030]: (root) CMD (command -v debian-sa1 > /dev/null && debian-sa1 1 1)
Feb 17 00:05:01 kali CRON[1028]: pam_unix(cron:session): session closed for user root
Feb 17 00:05:05 kali systemd[1]: systemd-hostnamed.service: Deactivated successfully.
Feb 17 00:05:09 kali lightdm[1036]: gkr-pam: unable to locate daemon control file
Feb 17 00:05:09 kali lightdm[1036]: gkr-pam: stashed password to try later in open session
Feb 17 00:05:09 kali systemd[1]: Stopping session-c1.scope - Session c1 of User lightdm...
Feb 17 00:05:09 kali lightdm[925]: pam_unix(lightdm-greeter:session): session closed for user lightdm
Feb 17 00:05:09 kali lightdm[925]: pam_unix(lightdm-greeter:session): session closed for user lightdm
Feb 17 00:05:09 kali lightdm[925]: pam_systemd(lightdm-greeter:session): Failed to release session: Transport endpoint is not connected
Feb 17 00:05:09 kali systemd[1]: session-c1.scope: Deactivated successfully.
Feb 17 00:05:09 kali systemd[1]: Stopped session-c1.scope - Session c1 of User lightdm.
Feb 17 00:05:09 kali systemd[1]: session-c1.scope: Consumed 885ms CPU time, 67.4M memory peak.
Feb 17 00:05:09 kali systemd-logind[807]: Removed session c1.
Feb 17 00:05:09 kali lightdm[1036]: pam_unix(lightdm:session): session opened for user kali(uid=1000) by kali(uid=0)
Feb 17 00:05:09 kali systemd[1]: Created slice user-1000.slice - User Slice of UID 1000.
Feb 17 00:05:09 kali systemd[1]: Starting user-runtime-dir@1000.service - User Runtime Directory /run/user/1000...
Feb 17 00:05:09 kali systemd-logind[807]: New session 3 of user kali.
Feb 17 00:05:09 kali systemd[1]: Finished user-runtime-dir@1000.service - User Runtime Directory /run/user/1000.
Feb 17 00:05:09 kali systemd[1]: Starting user@1000.service - User Manager for UID 1000...
Feb 17 00:05:09 kali (systemd)[1047]: pam_unix(systemd-user:session): session opened for user kali(uid=1000) by kali(uid=0)
Feb 17 00:05:09 kali systemd-logind[807]: New session 4 of user kali.
Feb 17 00:05:09 kali systemd[1047]: Queued start job for default target default.target.
Feb 17 00:05:09 kali systemd[1047]: Created slice app.slice - User Application Slice.
Feb 17 00:05:09 kali systemd[1047]: Created slice session.slice - User Core Session Slice.
Feb 17 00:05:09 kali systemd[1047]: Reached target paths.target - Paths.
Feb 17 00:05:09 kali systemd[1047]: Reached target timers.target - Timers.
Feb 17 00:05:09 kali systemd[1047]: Starting dbus.socket - D-Bus User Message Bus Socket...
Feb 17 00:05:09 kali systemd[1047]: Listening on dirmngr.socket - GnuPG network certificate management daemon.
Feb 17 00:05:09 kali systemd[1047]: Listening on gnome-keyring-daemon.socket - GNOME Keyring daemon.
Feb 17 00:05:09 kali systemd[1047]: Listening on gpg-agent-browser.socket - GnuPG cryptographic agent and passphrase cache (access for web browsers).
Feb 17 00:05:09 kali systemd[1047]: Listening on gpg-agent-extra.socket - GnuPG cryptographic agent and passphrase cache (restricted).
Feb 17 00:05:09 kali systemd[1047]: Starting gpg-agent-ssh.socket - GnuPG cryptographic agent (ssh-agent emulation)...
Feb 17 00:05:09 kali systemd[1047]: Starting gpg-agent.socket - GnuPG cryptographic agent and passphrase cache...
Feb 17 00:05:09 kali systemd[1047]: Listening on keyboxd.socket - GnuPG public key management service.
Feb 17 00:05:09 kali systemd[1047]: Listening on pipewire-pulse.socket - PipeWire PulseAudio.
Feb 17 00:05:09 kali systemd[1047]: Listening on pipewire.socket - PipeWire Multimedia System Sockets.
Feb 17 00:05:09 kali systemd[1047]: Listening on speech-dispatcher.socket - Speech Dispatcher Socket.
Feb 17 00:05:09 kali systemd[1047]: Starting ssh-agent.socket - OpenSSH Agent socket...
Feb 17 00:05:09 kali systemd[1047]: Listening on gpg-agent.socket - GnuPG cryptographic agent and passphrase cache.
Feb 17 00:05:09 kali systemd[1047]: Listening on gpg-agent-ssh.socket - GnuPG cryptographic agent (ssh-agent emulation).
Feb 17 00:05:09 kali systemd[1047]: Starting gcr-ssh-agent.socket - GCR ssh-agent wrapper...
Feb 17 00:05:09 kali systemd[1047]: Listening on dbus.socket - D-Bus User Message Bus Socket.
Feb 17 00:05:09 kali systemd[1047]: Listening on ssh-agent.socket - OpenSSH Agent socket.
Feb 17 00:05:09 kali systemd[1047]: Listening on gcr-ssh-agent.socket - GCR ssh-agent wrapper.
Feb 17 00:05:09 kali systemd[1047]: Reached target sockets.target - Sockets.
Feb 17 00:05:09 kali systemd[1047]: Reached target basic.target - Basic System.
Feb 17 00:05:09 kali systemd[1]: Started user@1000.service - User Manager for UID 1000.
Feb 17 00:05:09 kali systemd[1047]: Starting dbus.service - D-Bus User Message Bus...
Feb 17 00:05:09 kali systemd[1]: Started session-3.scope - Session 3 of User kali.
Feb 17 00:05:09 kali systemd[1047]: Started pipewire.service - PipeWire Multimedia Service.
Feb 17 00:05:09 kali systemd[1047]: Started filter-chain.service - PipeWire filter chain daemon.
Feb 17 00:05:09 kali systemd[1047]: Started gnome-keyring-daemon.service - GNOME Keyring daemon.
Feb 17 00:05:09 kali systemd[1047]: Started dbus.service - D-Bus User Message Bus.
Feb 17 00:05:09 kali systemd[1047]: Started mpris-proxy.service - Bluetooth mpris proxy.
Feb 17 00:05:09 kali systemd[1047]: Started wireplumber.service - Multimedia Service Session Manager.
Feb 17 00:05:09 kali systemd[1047]: Started pipewire-pulse.service - PipeWire PulseAudio.
Feb 17 00:05:09 kali systemd[1047]: Reached target default.target - Main User Target.
Feb 17 00:05:09 kali systemd[1047]: Startup finished in 156ms.
Feb 17 00:05:09 kali gnome-keyring-daemon[1073]: GNOME_KEYRING_CONTROL=/run/user/1000/keyring
Feb 17 00:05:09 kali rtkit-daemon[959]: Supervising 6 threads of 3 processes of 1 users.
Feb 17 00:05:09 kali rtkit-daemon[959]: Supervising 6 threads of 3 processes of 1 users.
Feb 17 00:05:09 kali rtkit-daemon[959]: Supervising 6 threads of 3 processes of 1 users.
Feb 17 00:05:09 kali rtkit-daemon[959]: Supervising 6 threads of 3 processes of 1 users.
Feb 17 00:05:09 kali rtkit-daemon[959]: Supervising 6 threads of 3 processes of 1 users.
Feb 17 00:05:09 kali rtkit-daemon[959]: Supervising 6 threads of 3 processes of 1 users.
Feb 17 00:05:09 kali rtkit-daemon[959]: Successfully made thread 1070 of process 1070 owned by '1000' high priority at nice level -11.
Feb 17 00:05:09 kali rtkit-daemon[959]: Supervising 7 threads of 4 processes of 2 users.
Feb 17 00:05:09 kali rtkit-daemon[959]: Successfully made thread 1083 of process 1070 owned by '1000' RT at priority 20.
Feb 17 00:05:09 kali rtkit-daemon[959]: Supervising 8 threads of 4 processes of 2 users.
Feb 17 00:05:09 kali rtkit-daemon[959]: Supervising 8 threads of 4 processes of 2 users.
Feb 17 00:05:09 kali rtkit-daemon[959]: Supervising 8 threads of 4 processes of 2 users.
Feb 17 00:05:09 kali rtkit-daemon[959]: Supervising 8 threads of 4 processes of 2 users.
Feb 17 00:05:09 kali lightdm[1036]: gkr-pam: unlocked login keyring
Feb 17 00:05:09 kali rtkit-daemon[959]: Supervising 8 threads of 4 processes of 2 users.
Feb 17 00:05:09 kali rtkit-daemon[959]: Supervising 8 threads of 4 processes of 2 users.
Feb 17 00:05:09 kali lightdm[1036]: Failed to write utmpx: No such file or directory
Feb 17 00:05:09 kali rtkit-daemon[959]: Successfully made thread 1075 of process 1075 owned by '1000' high priority at nice level -11.
Feb 17 00:05:09 kali rtkit-daemon[959]: Supervising 9 threads of 5 processes of 2 users.
Feb 17 00:05:09 kali rtkit-daemon[959]: Supervising 9 threads of 5 processes of 2 users.
Feb 17 00:05:09 kali rtkit-daemon[959]: Successfully made thread 1076 of process 1076 owned by '1000' high priority at nice level -11.
Feb 17 00:05:09 kali rtkit-daemon[959]: Supervising 10 threads of 6 processes of 2 users.
Feb 17 00:05:09 kali rtkit-daemon[959]: Successfully made thread 1090 of process 1076 owned by '1000' RT at priority 20.
Feb 17 00:05:09 kali rtkit-daemon[959]: Supervising 11 threads of 6 processes of 2 users.
Feb 17 00:05:09 kali rtkit-daemon[959]: Successfully made thread 1100 of process 1075 owned by '1000' RT at priority 20.
Feb 17 00:05:09 kali rtkit-daemon[959]: Supervising 12 threads of 6 processes of 2 users.
Feb 17 00:05:09 kali wireplumber[1075]: spa.alsa: The decibel volume range for element 'Center' (-4650 dB - -2400 dB) has negative maximum. Disabling the decibel range.
Feb 17 00:05:09 kali wireplumber[1075]: spa.alsa: The decibel volume range for element 'LFE' (-4650 dB - -2400 dB) has negative maximum. Disabling the decibel range.
Feb 17 00:05:09 kali wireplumber[1075]: spa.alsa: The decibel volume range for element 'Center' (-4650 dB - -2400 dB) has negative maximum. Disabling the decibel range.
Feb 17 00:05:09 kali wireplumber[1075]: spa.alsa: The decibel volume range for element 'LFE' (-4650 dB - -2400 dB) has negative maximum. Disabling the decibel range.
Feb 17 00:05:09 kali wireplumber[1075]: spa.alsa: The decibel volume range for element 'Center' (-4650 dB - -2400 dB) has negative maximum. Disabling the decibel range.
Feb 17 00:05:09 kali wireplumber[1075]: spa.alsa: The decibel volume range for element 'LFE' (-4650 dB - -2400 dB) has negative maximum. Disabling the decibel range.
Feb 17 00:05:09 kali wireplumber[1075]: spa.alsa: The decibel volume range for element 'Center' (-4650 dB - -2400 dB) has negative maximum. Disabling the decibel range.
Feb 17 00:05:09 kali wireplumber[1075]: spa.alsa: The decibel volume range for element 'LFE' (-4650 dB - -2400 dB) has negative maximum. Disabling the decibel range.
Feb 17 00:05:09 kali wireplumber[1075]: spa.alsa: The decibel volume range for element 'Center' (-4650 dB - -2400 dB) has negative maximum. Disabling the decibel range.
Feb 17 00:05:09 kali wireplumber[1075]: spa.alsa: The decibel volume range for element 'LFE' (-4650 dB - -2400 dB) has negative maximum. Disabling the decibel range.
Feb 17 00:05:09 kali wireplumber[1075]: default: Failed to get percentage from UPower: org.freedesktop.DBus.Error.NameHasNoOwner
Feb 17 00:05:09 kali wireplumber[1075]: spa.bluez5: BlueZ system service is not available
Feb 17 00:05:09 kali wireplumber[1075]: wp-pw-obj-mixin: <WpNode:0x560a561dfe50> ignoring set_param on already destroyed objects
Feb 17 00:05:09 kali wireplumber[1075]: wp-pw-obj-mixin: <WpNode:0x560a561fa1c0> ignoring set_param on already destroyed objects
Feb 17 00:05:09 kali wireplumber[1075]: wp-device: SPA handle 'api.libcamera.enum.manager' could not be loaded; is it installed?
Feb 17 00:05:09 kali wireplumber[1075]: s-monitors-libcamera: PipeWire's libcamera SPA plugin is missing or broken. Some camera types may not be supported.
Feb 17 00:05:09 kali kernel: 05:05:09.798140 main     VBoxClient 7.1.12_Debian r169651 (verbosity: 0) linux.amd64 (Jul 21 2025 05:26:51) release log
                             05:05:0
Feb 17 00:05:09 kali kernel: 05:05:09.799126 main     OS Product: Linux
Feb 17 00:05:09 kali kernel: 05:05:09.799441 main     OS Release: 6.12.38+kali-amd64
Feb 17 00:05:09 kali kernel: 05:05:09.799855 main     OS Version: #1 SMP PREEMPT_DYNAMIC Kali 6.12.38-1kali1 (2025-08-12)
Feb 17 00:05:09 kali kernel: 05:05:09.800139 main     Executable: /usr/bin/VBoxClient
                             05:05:09.800139 main     Process ID: 1158
                             05:05:09.800140 main     Pac
Feb 17 00:05:09 kali kernel: 05:05:09.800232 main      VBoxClient 7.1.12_Debian r169651 started. Verbose level = 0
Feb 17 00:05:09 kali kernel: 05:05:09.800345 main      rtldrNativeLoad: dlopen('libwayland-client.so', RTLD_NOW | RTLD_LOCAL) failed: libwayland-client.so: 
Feb 17 00:05:09 kali kernel: 05:05:09.803741 main      Session type is: VBGHDISPLAYSERVERTYPE_X11
Feb 17 00:05:09 kali kernel: 05:05:09.803838 main      Service: Shared Clipboard
Feb 17 00:05:09 kali kernel: 05:05:09.803941 main      Daemonizing service ...
Feb 17 00:05:09 kali kernel: 05:05:09.805320 main      Initializing service ...
Feb 17 00:05:09 kali kernel: 05:05:09.805841 main      Creating worker thread ...
Feb 17 00:05:09 kali kernel: 05:05:09.806382 main     VBoxClient 7.1.12_Debian r169651 (verbosity: 0) linux.amd64 (Jul 21 2025 05:26:51) release log
                             05:05:0
Feb 17 00:05:09 kali kernel: 05:05:09.806599 main     OS Product: Linux
Feb 17 00:05:09 kali kernel: 05:05:09.806655 main     OS Release: 6.12.38+kali-amd64
Feb 17 00:05:09 kali kernel: 05:05:09.806715 main     OS Version: #1 SMP PREEMPT_DYNAMIC Kali 6.12.38-1kali1 (2025-08-12)
Feb 17 00:05:09 kali kernel: 05:05:09.806749 shcl      Shared Clipboard: Initializing X11 clipboard (regular mode)
Feb 17 00:05:09 kali kernel: 05:05:09.806793 main     Executable: /usr/bin/VBoxClient
                             05:05:09.806793 main     Process ID: 1161
                             05:05:09.806794 main     Pac
Feb 17 00:05:09 kali kernel: 05:05:09.807778 main      VBoxClient 7.1.12_Debian r169651 started. Verbose level = 0
Feb 17 00:05:09 kali kernel: 05:05:09.807912 main      rtldrNativeLoad: dlopen('libwayland-client.so', RTLD_NOW | RTLD_LOCAL) failed: libwayland-client.so: 
Feb 17 00:05:09 kali kernel: 05:05:09.811322 main      Session type is: VBGHDISPLAYSERVERTYPE_X11
Feb 17 00:05:09 kali kernel: 05:05:09.811425 main      Service: Seamless Mode Support
Feb 17 00:05:09 kali kernel: 05:05:09.811537 main      Daemonizing service ...
Feb 17 00:05:09 kali kernel: 05:05:09.813328 main      Initializing service ...
Feb 17 00:05:09 kali kernel: 05:05:09.815061 main     VBoxClient 7.1.12_Debian r169651 (verbosity: 0) linux.amd64 (Jul 21 2025 05:26:51) release log
                             05:05:0
Feb 17 00:05:09 kali kernel: 05:05:09.815230 main     OS Product: Linux
Feb 17 00:05:09 kali kernel: 05:05:09.815395 main     OS Release: 6.12.38+kali-amd64
Feb 17 00:05:09 kali kernel: 05:05:09.815459 main     OS Version: #1 SMP PREEMPT_DYNAMIC Kali 6.12.38-1kali1 (2025-08-12)
Feb 17 00:05:09 kali kernel: 05:05:09.815638 main     Executable: /usr/bin/VBoxClient
                             05:05:09.815638 main     Process ID: 1169
                             05:05:09.815639 main     Pac
Feb 17 00:05:09 kali kernel: 05:05:09.815758 main      VBoxClient 7.1.12_Debian r169651 started. Verbose level = 0
Feb 17 00:05:09 kali kernel: 05:05:09.816118 main      rtldrNativeLoad: dlopen('libwayland-client.so', RTLD_NOW | RTLD_LOCAL) failed: libwayland-client.so: 
Feb 17 00:05:09 kali kernel: 05:05:09.817684 main      Creating worker thread ...
Feb 17 00:05:09 kali kernel: 05:05:09.819097 main      Service started
Feb 17 00:05:09 kali kernel: 05:05:09.820216 main      Session type is: VBGHDISPLAYSERVERTYPE_X11
Feb 17 00:05:09 kali kernel: 05:05:09.820312 main      Service: Drag'n'Drop
Feb 17 00:05:09 kali kernel: 05:05:09.820428 main      Daemonizing service ...
Feb 17 00:05:09 kali kernel: 05:05:09.822687 main      Initializing service ...
Feb 17 00:05:09 kali kernel: 05:05:09.822934 main     VBoxClient 7.1.12_Debian r169651 (verbosity: 0) linux.amd64 (Jul 21 2025 05:26:51) release log
                             05:05:0
Feb 17 00:05:09 kali kernel: 05:05:09.823289 main     OS Product: Linux
Feb 17 00:05:09 kali kernel: 05:05:09.823346 main     OS Release: 6.12.38+kali-amd64
Feb 17 00:05:09 kali kernel: 05:05:09.823406 main     OS Version: #1 SMP PREEMPT_DYNAMIC Kali 6.12.38-1kali1 (2025-08-12)
Feb 17 00:05:09 kali kernel: 05:05:09.823497 main     Executable: /usr/bin/VBoxClient
                             05:05:09.823498 main     Process ID: 1178
                             05:05:09.823498 main     Pac
Feb 17 00:05:09 kali kernel: 05:05:09.823602 main      VBoxClient 7.1.12_Debian r169651 started. Verbose level = 0
Feb 17 00:05:09 kali kernel: 05:05:09.823733 main      rtldrNativeLoad: dlopen('libwayland-client.so', RTLD_NOW | RTLD_LOCAL) failed: libwayland-client.so: 
Feb 17 00:05:09 kali kernel: 05:05:09.827104 main      Session type is: VBGHDISPLAYSERVERTYPE_X11
Feb 17 00:05:09 kali kernel: 05:05:09.827249 main      Service: VirtualBox host version check
Feb 17 00:05:09 kali kernel: 05:05:09.827419 main      Daemonizing service ...
Feb 17 00:05:09 kali kernel: 05:05:09.829989 main      Creating worker thread ...
Feb 17 00:05:09 kali kernel: 05:05:09.830730 main     VBoxClient 7.1.12_Debian r169651 (verbosity: 0) linux.amd64 (Jul 21 2025 05:26:51) release log
                             05:05:0
Feb 17 00:05:09 kali kernel: 05:05:09.830986 main     OS Product: Linux
Feb 17 00:05:09 kali kernel: 05:05:09.831055 main     OS Release: 6.12.38+kali-amd64
Feb 17 00:05:09 kali kernel: 05:05:09.831125 main     OS Version: #1 SMP PREEMPT_DYNAMIC Kali 6.12.38-1kali1 (2025-08-12)
Feb 17 00:05:09 kali kernel: 05:05:09.831218 main     Executable: /usr/bin/VBoxClient
                             05:05:09.831219 main     Process ID: 1182
                             05:05:09.831219 main     Pac
Feb 17 00:05:09 kali kernel: 05:05:09.831338 main      VBoxClient 7.1.12_Debian r169651 started. Verbose level = 0
Feb 17 00:05:09 kali kernel: 05:05:09.831489 main      rtldrNativeLoad: dlopen('libwayland-client.so', RTLD_NOW | RTLD_LOCAL) failed: libwayland-client.so: 
Feb 17 00:05:09 kali kernel: 05:05:09.835409 main      Session type is: VBGHDISPLAYSERVERTYPE_X11
Feb 17 00:05:09 kali kernel: 05:05:09.835523 main      Service: VMSVGA display assistant
Feb 17 00:05:09 kali kernel: 05:05:09.835742 main      Daemonizing service ...
Feb 17 00:05:09 kali kernel: 05:05:09.839248 main      Initializing service ...
Feb 17 00:05:09 kali kernel: 05:05:09.839429 main     VBoxClient VMSVGA: probing Desktop Environment helper 'GNOME3'
Feb 17 00:05:09 kali kernel: 05:05:09.839605 main     VBoxClient VMSVGA: probing Desktop Environment helper 'GENERIC'
Feb 17 00:05:09 kali kernel: 05:05:09.844346 main     VBoxClient VMSVGA: attempt to start display change monitor thread, rc=VINF_SUCCESS
Feb 17 00:05:09 kali kernel: 05:05:09.844470 main     VBoxClient VMSVGA: using Desktop Environment specific display helper 'GENERIC'
Feb 17 00:05:09 kali kernel: 05:05:09.844593 main     VBoxClient VMSVGA: Error: unable to connect to IPC server, rc=VERR_FILE_NOT_FOUND
Feb 17 00:05:09 kali kernel: 05:05:09.849569 main      Service started
Feb 17 00:05:09 kali kernel: 05:05:09.849894 main      Service started
Feb 17 00:05:09 kali kernel: 05:05:09.852465 main      Creating worker thread ...
Feb 17 00:05:09 kali kernel: 05:05:09.853608 dnd       Proxy window=0xa00001 (debug mode: false), root window=0x233 ...
Feb 17 00:05:09 kali kernel: 05:05:09.854150 main      Service started
Feb 17 00:05:09 kali dbus-daemon[1069]: [session uid=1000 pid=1069 pidfd=5] Activating via systemd: service name='org.a11y.Bus' unit='at-spi-dbus-bus.service' requested by ':1.17' (uid=1000 pid=1091 comm="xfce4-session")
Feb 17 00:05:09 kali systemd[1047]: Starting at-spi-dbus-bus.service - Accessibility services bus...
Feb 17 00:05:09 kali dbus-daemon[1069]: [session uid=1000 pid=1069 pidfd=5] Successfully activated service 'org.a11y.Bus'
Feb 17 00:05:09 kali systemd[1047]: Started at-spi-dbus-bus.service - Accessibility services bus.
Feb 17 00:05:09 kali dbus-daemon[1069]: [session uid=1000 pid=1069 pidfd=5] Activating via systemd: service name='org.xfce.Xfconf' unit='xfconfd.service' requested by ':1.19' (uid=1000 pid=1091 comm="xfce4-session")
Feb 17 00:05:09 kali systemd[1047]: Starting xfconfd.service - Xfce configuration service...
Feb 17 00:05:09 kali dbus-daemon[1069]: [session uid=1000 pid=1069 pidfd=5] Successfully activated service 'org.xfce.Xfconf'
Feb 17 00:05:09 kali systemd[1047]: Started xfconfd.service - Xfce configuration service.
Feb 17 00:05:09 kali at-spi-bus-launcher[1218]: dbus-daemon[1218]: Activating service name='org.a11y.atspi.Registry' requested by ':1.0' (uid=1000 pid=1091 comm="xfce4-session")
Feb 17 00:05:10 kali at-spi-bus-launcher[1218]: dbus-daemon[1218]: Successfully activated service 'org.a11y.atspi.Registry'
Feb 17 00:05:10 kali at-spi-bus-launcher[1229]: SpiRegistry daemon is running with well-known name - org.a11y.atspi.Registry
Feb 17 00:05:10 kali systemd[1047]: Started gpg-agent.service - GnuPG cryptographic agent and passphrase cache.
Feb 17 00:05:10 kali gpg-agent[1240]: gpg-agent[1240]: directory '/home/kali/.gnupg' created
Feb 17 00:05:10 kali gpg-agent[1240]: gpg-agent[1240]: directory '/home/kali/.gnupg/private-keys-v1.d' created
Feb 17 00:05:10 kali gpg-agent[1240]: gpg-agent (GnuPG) 2.4.8 starting in supervised mode.
Feb 17 00:05:10 kali gpg-agent[1240]: using fd 3 for browser socket (/run/user/1000/gnupg/S.gpg-agent.browser)
Feb 17 00:05:10 kali gpg-agent[1240]: using fd 4 for extra socket (/run/user/1000/gnupg/S.gpg-agent.extra)
Feb 17 00:05:10 kali gpg-agent[1240]: using fd 5 for ssh socket (/run/user/1000/gnupg/S.gpg-agent.ssh)
Feb 17 00:05:10 kali gpg-agent[1240]: using fd 6 for std socket (/run/user/1000/gnupg/S.gpg-agent)
Feb 17 00:05:10 kali gpg-agent[1240]: listening on: std=6 extra=4 browser=3 ssh=5
Feb 17 00:05:10 kali systemd[1047]: Started gpg-agent.service - GnuPG cryptographic agent and passphrase cache.
Feb 17 00:05:10 kali gpg-agent[1245]: gpg-agent (GnuPG) 2.4.8 starting in supervised mode.
Feb 17 00:05:10 kali gpg-agent[1245]: using fd 3 for browser socket (/run/user/1000/gnupg/S.gpg-agent.browser)
Feb 17 00:05:10 kali gpg-agent[1245]: using fd 4 for extra socket (/run/user/1000/gnupg/S.gpg-agent.extra)
Feb 17 00:05:10 kali gpg-agent[1245]: using fd 5 for ssh socket (/run/user/1000/gnupg/S.gpg-agent.ssh)
Feb 17 00:05:10 kali gpg-agent[1245]: using fd 6 for std socket (/run/user/1000/gnupg/S.gpg-agent)
Feb 17 00:05:10 kali gpg-agent[1245]: listening on: std=6 extra=4 browser=3 ssh=5
Feb 17 00:05:10 kali dbus-daemon[1069]: [session uid=1000 pid=1069 pidfd=5] Activating via systemd: service name='org.gtk.vfs.Daemon' unit='gvfs-daemon.service' requested by ':1.23' (uid=1000 pid=1248 comm="xfwm4")
Feb 17 00:05:10 kali systemd[1047]: Starting gvfs-daemon.service - Virtual filesystem service...
Feb 17 00:05:10 kali dbus-daemon[1069]: [session uid=1000 pid=1069 pidfd=5] Successfully activated service 'org.gtk.vfs.Daemon'
Feb 17 00:05:10 kali systemd[1047]: Started gvfs-daemon.service - Virtual filesystem service.
Feb 17 00:05:10 kali kernel: 05:05:10.344865 main     VBoxClient VMSVGA: helper service terminated, rc=VINF_SUCCESS
Feb 17 00:05:10 kali kernel: 05:05:10.348463 main     VBoxClient VMSVGA: starting legacy service, rc=VINF_SUCCESS
Feb 17 00:05:10 kali kernel: 05:05:10.348501 main     VBoxClient 7.1.12_Debian r169651 (verbosity: 0) linux.amd64 (Jul 21 2025 05:26:51) release log
                             05:05:1
Feb 17 00:05:10 kali kernel: 05:05:10.348591 main     VBoxClient VMSVGA: Service is not availabe, skipping
Feb 17 00:05:10 kali kernel: 05:05:10.348716 main     OS Product: Linux
Feb 17 00:05:10 kali kernel: 05:05:10.348832 main     OS Release: 6.12.38+kali-amd64
Feb 17 00:05:10 kali kernel: 05:05:10.348997 main     OS Version: #1 SMP PREEMPT_DYNAMIC Kali 6.12.38-1kali1 (2025-08-12)
Feb 17 00:05:10 kali kernel: 05:05:10.349310 main     Executable: /usr/bin/VBoxClient
                             05:05:10.349311 main     Process ID: 1270
                             05:05:10.349311 main     Pac
Feb 17 00:05:10 kali kernel: 05:05:10.349611 main      VBoxClient 7.1.12_Debian r169651 started. Verbose level = 0
Feb 17 00:05:10 kali kernel: 05:05:10.350524 main      rtldrNativeLoad: dlopen('libwayland-client.so', RTLD_NOW | RTLD_LOCAL) failed: libwayland-client.so: 
Feb 17 00:05:10 kali kernel: 05:05:10.353050 main      Session type is: VBGHDISPLAYSERVERTYPE_X11
Feb 17 00:05:10 kali kernel: 05:05:10.353171 main      Service: SVGA X11 display
Feb 17 00:05:10 kali kernel: 05:05:10.353462 main      Daemonizing service ...
Feb 17 00:05:10 kali kernel: 05:05:10.355311 main      Initializing service ...
Feb 17 00:05:10 kali kernel: 05:05:10.359482 main      VMWARE's ctrl extension is available. Major Opcode is 128.
Feb 17 00:05:10 kali kernel: 05:05:10.361971 main      Creating worker thread ...
Feb 17 00:05:10 kali kernel: 05:05:10.363258 main      Service started
Feb 17 00:05:10 kali kernel: 05:05:10.397151 dp-svga-x11  output[0] successfully configured
Feb 17 00:05:10 kali kernel: 05:05:10.862205 X11 events  received X11 event (89)
Feb 17 00:05:10 kali kernel: 05:05:10.862423 X11 events  RRScreenChangeNotify event received
Feb 17 00:05:10 kali kernel: 05:05:10.862615 X11 events  Monitor 0 (w,h)=(800,600) (x,y)=(0,0)
Feb 17 00:05:10 kali kernel: 05:05:10.862810 X11 events  Sending monitor positions (8 of them)  to the host: VINF_SUCCESS
Feb 17 00:05:10 kali kernel: 05:05:10.862998 X11 events  received X11 event (89)
Feb 17 00:05:10 kali kernel: 05:05:10.863169 X11 events  RRScreenChangeNotify event received
Feb 17 00:05:10 kali kernel: 05:05:10.863349 X11 events  Monitor 0 (w,h)=(800,600) (x,y)=(0,0)
Feb 17 00:05:10 kali kernel: 05:05:10.863433 X11 events  Sending monitor positions (8 of them)  to the host: VINF_SUCCESS
Feb 17 00:05:10 kali kernel: 05:05:10.863514 X11 events  received X11 event (89)
Feb 17 00:05:10 kali kernel: 05:05:10.863570 X11 events  RRScreenChangeNotify event received
Feb 17 00:05:10 kali kernel: 05:05:10.863746 X11 events  Monitor 0 (w,h)=(800,600) (x,y)=(0,0)
Feb 17 00:05:10 kali kernel: 05:05:10.863845 X11 events  Sending monitor positions (8 of them)  to the host: VINF_SUCCESS
Feb 17 00:05:10 kali kernel: 05:05:10.864038 X11 events  received X11 event (89)
Feb 17 00:05:10 kali kernel: 05:05:10.864100 X11 events  RRScreenChangeNotify event received
Feb 17 00:05:10 kali kernel: 05:05:10.864291 X11 events  Monitor 0 (w,h)=(800,600) (x,y)=(0,0)
Feb 17 00:05:10 kali kernel: 05:05:10.864523 X11 events  Sending monitor positions (8 of them)  to the host: VINF_SUCCESS
Feb 17 00:05:11 kali dbus-daemon[1069]: [session uid=1000 pid=1069 pidfd=5] Activating via systemd: service name='ca.desrt.dconf' unit='dconf.service' requested by ':1.26' (uid=1000 pid=1280 comm="xfsettingsd")
Feb 17 00:05:11 kali systemd[1047]: Starting dconf.service - User preferences database...
Feb 17 00:05:11 kali dbus-daemon[1069]: [session uid=1000 pid=1069 pidfd=5] Successfully activated service 'ca.desrt.dconf'
Feb 17 00:05:11 kali systemd[1047]: Started dconf.service - User preferences database.
Feb 17 00:05:11 kali kernel: 05:05:11.866536 X11 events  received X11 event (89)
Feb 17 00:05:11 kali kernel: 05:05:11.866643 X11 events  RRScreenChangeNotify event received
Feb 17 00:05:11 kali kernel: 05:05:11.867205 X11 events  Monitor 0 (w,h)=(800,600) (x,y)=(0,0)
Feb 17 00:05:11 kali kernel: 05:05:11.868167 X11 events  Sending monitor positions (8 of them)  to the host: VINF_SUCCESS
Feb 17 00:05:12 kali dbus-daemon[799]: [system] Activating via systemd: service name='org.freedesktop.ColorManager' unit='colord.service' requested by ':1.41' (uid=1000 pid=1319 comm="xiccd")
Feb 17 00:05:12 kali systemd[1]: Starting colord.service - Manage, Install and Generate Color Profiles...
Feb 17 00:05:12 kali systemd[1]: Started pcscd.service - PC/SC Smart Card Daemon.
Feb 17 00:05:12 kali colord[1329]: failed to get edid data: EDID length is too small
Feb 17 00:05:12 kali dbus-daemon[799]: [system] Successfully activated service 'org.freedesktop.ColorManager'
Feb 17 00:05:12 kali systemd[1]: Started colord.service - Manage, Install and Generate Color Profiles.
Feb 17 00:05:12 kali systemd[1047]: Starting xfce4-notifyd.service - XFCE notifications service...
Feb 17 00:05:12 kali dbus-daemon[1069]: [session uid=1000 pid=1069 pidfd=5] Activating via systemd: service name='org.freedesktop.thumbnails.Thumbnailer1' unit='tumblerd.service' requested by ':1.31' (uid=1000 pid=1307 comm="xfdesktop")
Feb 17 00:05:12 kali systemd[1047]: Starting tumblerd.service - Thumbnailing service...
Feb 17 00:05:12 kali systemd[1047]: Started xfce4-notifyd.service - XFCE notifications service.
Feb 17 00:05:12 kali polkitd[802]: Registered Authentication Agent for unix-session:3 (system bus name :1.47 [/usr/libexec/polkit-mate-authentication-agent-1], object path /org/mate/PolicyKit1/AuthenticationAgent, locale en_US.UTF-8)
Feb 17 00:05:12 kali dbus-daemon[799]: [system] Activating via systemd: service name='org.freedesktop.Avahi' unit='dbus-org.freedesktop.Avahi.service' requested by ':1.48' (uid=115 pid=1386 comm="/usr/libexec/colord-sane")
Feb 17 00:05:12 kali dbus-daemon[799]: [system] Activation via systemd failed for unit 'dbus-org.freedesktop.Avahi.service': Unit dbus-org.freedesktop.Avahi.service not found.
Feb 17 00:05:12 kali dbus-daemon[799]: [system] Activating via systemd: service name='org.freedesktop.Avahi' unit='dbus-org.freedesktop.Avahi.service' requested by ':1.49' (uid=115 pid=1386 comm="/usr/libexec/colord-sane")
Feb 17 00:05:12 kali dbus-daemon[799]: [system] Activation via systemd failed for unit 'dbus-org.freedesktop.Avahi.service': Unit dbus-org.freedesktop.Avahi.service not found.
Feb 17 00:05:13 kali dbus-daemon[799]: [system] Activating via systemd: service name='org.freedesktop.UPower' unit='upower.service' requested by ':1.50' (uid=1000 pid=1352 comm="xfce4-power-manager")
Feb 17 00:05:13 kali systemd[1]: Starting upower.service - Daemon for power management...
Feb 17 00:05:13 kali dbus-daemon[799]: [system] Successfully activated service 'org.freedesktop.UPower'
Feb 17 00:05:13 kali systemd[1]: Started upower.service - Daemon for power management.
Feb 17 00:05:13 kali NetworkManager[824]: <info>  [1771304713.3608] agent-manager: agent[89dc0510243895d8,:1.52/org.freedesktop.nm-applet/1000]: agent registered
Feb 17 00:05:14 kali kernel: 05:05:14.452359 dp-svga-x11  output[0] successfully configured
Feb 17 00:05:14 kali kernel: 05:05:14.884279 X11 events  received X11 event (89)
Feb 17 00:05:14 kali kernel: 05:05:14.887473 X11 events  RRScreenChangeNotify event received
Feb 17 00:05:14 kali kernel: 05:05:14.887784 X11 events  Monitor 0 (w,h)=(800,600) (x,y)=(0,0)
Feb 17 00:05:14 kali kernel: 05:05:14.889711 X11 events  Sending monitor positions (8 of them)  to the host: VINF_SUCCESS
Feb 17 00:05:14 kali kernel: 05:05:14.889837 X11 events  received X11 event (89)
Feb 17 00:05:14 kali kernel: 05:05:14.889899 X11 events  RRScreenChangeNotify event received
Feb 17 00:05:14 kali kernel: 05:05:14.890053 X11 events  Monitor 0 (w,h)=(800,600) (x,y)=(0,0)
Feb 17 00:05:14 kali kernel: 05:05:14.895119 X11 events  Sending monitor positions (8 of them)  to the host: VINF_SUCCESS
Feb 17 00:05:14 kali kernel: 05:05:14.895384 X11 events  received X11 event (89)
Feb 17 00:05:14 kali kernel: 05:05:14.895580 X11 events  RRScreenChangeNotify event received
Feb 17 00:05:14 kali kernel: 05:05:14.896170 X11 events  Monitor 0 (w,h)=(800,600) (x,y)=(0,0)
Feb 17 00:05:14 kali kernel: 05:05:14.897148 X11 events  Sending monitor positions (8 of them)  to the host: VINF_SUCCESS
Feb 17 00:05:15 kali dbus-daemon[1069]: [session uid=1000 pid=1069 pidfd=5] Activating via systemd: service name='org.bluez.obex' unit='obex.service' requested by ':1.54' (uid=1000 pid=1320 comm="/usr/bin/python3 /usr/bin/blueman-applet")
Feb 17 00:05:15 kali dbus-daemon[799]: [system] Activating via systemd: service name='org.bluez' unit='dbus-org.bluez.service' requested by ':1.56' (uid=1000 pid=1320 comm="/usr/bin/python3 /usr/bin/blueman-applet")
Feb 17 00:05:15 kali dbus-daemon[799]: [system] Activation via systemd failed for unit 'dbus-org.bluez.service': Unit dbus-org.bluez.service not found.
Feb 17 00:05:15 kali systemd[1047]: Starting obex.service - Bluetooth OBEX service...
Feb 17 00:05:15 kali obexd[1533]: OBEX daemon 5.82
Feb 17 00:05:15 kali dbus-daemon[1069]: [session uid=1000 pid=1069 pidfd=5] Successfully activated service 'org.bluez.obex'
Feb 17 00:05:15 kali systemd[1047]: Started obex.service - Bluetooth OBEX service.
Feb 17 00:05:15 kali dbus-daemon[1069]: [session uid=1000 pid=1069 pidfd=5] Activating via systemd: service name='org.gnome.evolution.dataserver.Sources5' unit='evolution-source-registry.service' requested by ':1.56' (uid=1000 pid=1533 comm="/usr/libexec/bluetooth/obexd")
Feb 17 00:05:15 kali dbus-daemon[1069]: [session uid=1000 pid=1069 pidfd=5] Activation via systemd failed for unit 'evolution-source-registry.service': Unit evolution-source-registry.service not found.
Feb 17 00:05:15 kali obexd[1533]: Unable to acquire registry: Error calling StartServiceByName for org.gnome.evolution.dataserver.Sources5: Unit evolution-source-registry.service not found.
Feb 17 00:05:15 kali dbus-daemon[1069]: [session uid=1000 pid=1069 pidfd=5] Activating via systemd: service name='org.gnome.evolution.dataserver.Sources5' unit='evolution-source-registry.service' requested by ':1.56' (uid=1000 pid=1533 comm="/usr/libexec/bluetooth/obexd")
Feb 17 00:05:15 kali dbus-daemon[1069]: [session uid=1000 pid=1069 pidfd=5] Activation via systemd failed for unit 'evolution-source-registry.service': Unit evolution-source-registry.service not found.
Feb 17 00:05:15 kali obexd[1533]: Unable to acquire registry: Error calling StartServiceByName for org.gnome.evolution.dataserver.Sources5: Unit evolution-source-registry.service not found.
Feb 17 00:05:15 kali dbus-daemon[1069]: [session uid=1000 pid=1069 pidfd=5] Activating via systemd: service name='org.gtk.vfs.UDisks2VolumeMonitor' unit='gvfs-udisks2-volume-monitor.service' requested by ':1.37' (uid=1000 pid=1362 comm="/usr/lib/x86_64-linux-gnu/tumbler-1/tumblerd")
Feb 17 00:05:15 kali systemd[1047]: Starting gvfs-udisks2-volume-monitor.service - Virtual filesystem service - disk device monitor...
Feb 17 00:05:15 kali dbus-daemon[799]: [system] Activating via systemd: service name='org.freedesktop.UDisks2' unit='udisks2.service' requested by ':1.59' (uid=1000 pid=1540 comm="/usr/libexec/gvfs-udisks2-volume-monitor")
Feb 17 00:05:15 kali systemd[1]: Starting udisks2.service - Disk Manager...
Feb 17 00:05:15 kali udisksd[1544]: udisks daemon version 2.10.90 starting
Feb 17 00:05:15 kali dbus-daemon[799]: [system] Successfully activated service 'org.freedesktop.UDisks2'
Feb 17 00:05:15 kali systemd[1]: Started udisks2.service - Disk Manager.
Feb 17 00:05:15 kali udisksd[1544]: Acquired the name org.freedesktop.UDisks2 on the system message bus
Feb 17 00:05:15 kali dbus-daemon[1069]: [session uid=1000 pid=1069 pidfd=5] Successfully activated service 'org.gtk.vfs.UDisks2VolumeMonitor'
Feb 17 00:05:15 kali systemd[1047]: Started gvfs-udisks2-volume-monitor.service - Virtual filesystem service - disk device monitor.
Feb 17 00:05:15 kali dbus-daemon[1069]: [session uid=1000 pid=1069 pidfd=5] Activating via systemd: service name='org.gtk.vfs.AfcVolumeMonitor' unit='gvfs-afc-volume-monitor.service' requested by ':1.37' (uid=1000 pid=1362 comm="/usr/lib/x86_64-linux-gnu/tumbler-1/tumblerd")
Feb 17 00:05:15 kali systemd[1047]: Starting gvfs-afc-volume-monitor.service - Virtual filesystem service - Apple File Conduit monitor...
Feb 17 00:05:15 kali dbus-daemon[1069]: [session uid=1000 pid=1069 pidfd=5] Successfully activated service 'org.gtk.vfs.AfcVolumeMonitor'
Feb 17 00:05:15 kali systemd[1047]: Started gvfs-afc-volume-monitor.service - Virtual filesystem service - Apple File Conduit monitor.
Feb 17 00:05:15 kali dbus-daemon[1069]: [session uid=1000 pid=1069 pidfd=5] Activating via systemd: service name='org.gtk.vfs.GPhoto2VolumeMonitor' unit='gvfs-gphoto2-volume-monitor.service' requested by ':1.37' (uid=1000 pid=1362 comm="/usr/lib/x86_64-linux-gnu/tumbler-1/tumblerd")
Feb 17 00:05:15 kali systemd[1047]: Starting gvfs-gphoto2-volume-monitor.service - Virtual filesystem service - digital camera monitor...
Feb 17 00:05:15 kali dbus-daemon[1069]: [session uid=1000 pid=1069 pidfd=5] Successfully activated service 'org.gtk.vfs.GPhoto2VolumeMonitor'
Feb 17 00:05:15 kali systemd[1047]: Started gvfs-gphoto2-volume-monitor.service - Virtual filesystem service - digital camera monitor.
Feb 17 00:05:15 kali dbus-daemon[1069]: [session uid=1000 pid=1069 pidfd=5] Activating via systemd: service name='org.gtk.vfs.MTPVolumeMonitor' unit='gvfs-mtp-volume-monitor.service' requested by ':1.37' (uid=1000 pid=1362 comm="/usr/lib/x86_64-linux-gnu/tumbler-1/tumblerd")
Feb 17 00:05:15 kali systemd[1047]: Starting gvfs-mtp-volume-monitor.service - Virtual filesystem service - Media Transfer Protocol monitor...
Feb 17 00:05:15 kali dbus-daemon[1069]: [session uid=1000 pid=1069 pidfd=5] Successfully activated service 'org.gtk.vfs.MTPVolumeMonitor'
Feb 17 00:05:15 kali systemd[1047]: Started gvfs-mtp-volume-monitor.service - Virtual filesystem service - Media Transfer Protocol monitor.
Feb 17 00:05:15 kali dbus-daemon[1069]: [session uid=1000 pid=1069 pidfd=5] Activating via systemd: service name='org.gtk.vfs.GoaVolumeMonitor' unit='gvfs-goa-volume-monitor.service' requested by ':1.37' (uid=1000 pid=1362 comm="/usr/lib/x86_64-linux-gnu/tumbler-1/tumblerd")
Feb 17 00:05:15 kali systemd[1047]: Starting gvfs-goa-volume-monitor.service - Virtual filesystem service - GNOME Online Accounts monitor...
Feb 17 00:05:15 kali dbus-daemon[1069]: [session uid=1000 pid=1069 pidfd=5] Successfully activated service 'org.gtk.vfs.GoaVolumeMonitor'
Feb 17 00:05:15 kali systemd[1047]: Started gvfs-goa-volume-monitor.service - Virtual filesystem service - GNOME Online Accounts monitor.
Feb 17 00:05:15 kali dbus-daemon[1069]: [session uid=1000 pid=1069 pidfd=5] Successfully activated service 'org.freedesktop.thumbnails.Thumbnailer1'
Feb 17 00:05:15 kali systemd[1047]: Started tumblerd.service - Thumbnailing service.
Feb 17 00:05:15 kali dbus-daemon[1069]: [session uid=1000 pid=1069 pidfd=5] Activating via systemd: service name='org.gtk.vfs.Metadata' unit='gvfs-metadata.service' requested by ':1.31' (uid=1000 pid=1307 comm="xfdesktop")
Feb 17 00:05:15 kali systemd[1047]: Starting gvfs-metadata.service - Virtual filesystem metadata service...
Feb 17 00:05:15 kali dbus-daemon[1069]: [session uid=1000 pid=1069 pidfd=5] Successfully activated service 'org.gtk.vfs.Metadata'
Feb 17 00:05:15 kali systemd[1047]: Started gvfs-metadata.service - Virtual filesystem metadata service.
Feb 17 00:05:19 kali systemd[1]: Stopping user@111.service - User Manager for UID 111...
Feb 17 00:05:19 kali systemd[931]: Activating special unit exit.target...
Feb 17 00:05:19 kali systemd[931]: Stopped target default.target - Main User Target.
Feb 17 00:05:19 kali systemd[931]: Stopping at-spi-dbus-bus.service - Accessibility services bus...
Feb 17 00:05:19 kali systemd[931]: Stopping filter-chain.service - PipeWire filter chain daemon...
Feb 17 00:05:19 kali systemd[931]: Stopping gvfs-daemon.service - Virtual filesystem service...
Feb 17 00:05:19 kali systemd[931]: Stopping pipewire-pulse.service - PipeWire PulseAudio...
Feb 17 00:05:19 kali systemd[931]: Stopped at-spi-dbus-bus.service - Accessibility services bus.
Feb 17 00:05:19 kali systemd[931]: Stopped filter-chain.service - PipeWire filter chain daemon.
Feb 17 00:05:19 kali systemd[1]: run-user-111-gvfs.mount: Deactivated successfully.
Feb 17 00:05:19 kali systemd[931]: Stopped pipewire-pulse.service - PipeWire PulseAudio.
Feb 17 00:05:19 kali systemd[931]: Stopped gvfs-daemon.service - Virtual filesystem service.
Feb 17 00:05:19 kali systemd[931]: Stopping wireplumber.service - Multimedia Service Session Manager...
Feb 17 00:05:19 kali systemd[931]: Stopped wireplumber.service - Multimedia Service Session Manager.
Feb 17 00:05:19 kali systemd[931]: Stopping dbus.service - D-Bus User Message Bus...
Feb 17 00:05:19 kali systemd[931]: Stopping pipewire.service - PipeWire Multimedia Service...
Feb 17 00:05:19 kali systemd[931]: Stopped dbus.service - D-Bus User Message Bus.
Feb 17 00:05:19 kali systemd[931]: Stopped pipewire.service - PipeWire Multimedia Service.
Feb 17 00:05:19 kali systemd[931]: Removed slice session.slice - User Core Session Slice.
Feb 17 00:05:19 kali systemd[931]: Stopped target basic.target - Basic System.
Feb 17 00:05:19 kali systemd[931]: Stopped target paths.target - Paths.
Feb 17 00:05:19 kali systemd[931]: Stopped target sockets.target - Sockets.
Feb 17 00:05:19 kali systemd[931]: Stopped target timers.target - Timers.
Feb 17 00:05:19 kali systemd[931]: Closed dbus.socket - D-Bus User Message Bus Socket.
Feb 17 00:05:19 kali systemd[931]: Closed dirmngr.socket - GnuPG network certificate management daemon.
Feb 17 00:05:19 kali systemd[931]: Closed gcr-ssh-agent.socket - GCR ssh-agent wrapper.
Feb 17 00:05:19 kali systemd[931]: Closed gnome-keyring-daemon.socket - GNOME Keyring daemon.
Feb 17 00:05:19 kali systemd[931]: Closed gpg-agent-browser.socket - GnuPG cryptographic agent and passphrase cache (access for web browsers).
Feb 17 00:05:19 kali systemd[931]: Closed gpg-agent-extra.socket - GnuPG cryptographic agent and passphrase cache (restricted).
Feb 17 00:05:19 kali systemd[931]: Stopping gpg-agent-ssh.socket - GnuPG cryptographic agent (ssh-agent emulation)...
Feb 17 00:05:19 kali systemd[931]: Stopping gpg-agent.socket - GnuPG cryptographic agent and passphrase cache...
Feb 17 00:05:19 kali systemd[931]: Closed keyboxd.socket - GnuPG public key management service.
Feb 17 00:05:19 kali systemd[931]: Closed pipewire-pulse.socket - PipeWire PulseAudio.
Feb 17 00:05:19 kali systemd[931]: Closed pipewire.socket - PipeWire Multimedia System Sockets.
Feb 17 00:05:19 kali systemd[931]: Closed speech-dispatcher.socket - Speech Dispatcher Socket.
Feb 17 00:05:19 kali systemd[931]: Stopping ssh-agent.socket - OpenSSH Agent socket...
Feb 17 00:05:19 kali systemd[931]: Closed gpg-agent.socket - GnuPG cryptographic agent and passphrase cache.
Feb 17 00:05:19 kali systemd[931]: Closed ssh-agent.socket - OpenSSH Agent socket.
Feb 17 00:05:19 kali systemd[931]: Closed gpg-agent-ssh.socket - GnuPG cryptographic agent (ssh-agent emulation).
Feb 17 00:05:19 kali systemd[931]: Removed slice app.slice - User Application Slice.
Feb 17 00:05:19 kali systemd[931]: Reached target shutdown.target - Shutdown.
Feb 17 00:05:19 kali systemd[931]: Finished systemd-exit.service - Exit the Session.
Feb 17 00:05:19 kali systemd[931]: Reached target exit.target - Exit the Session.
Feb 17 00:05:19 kali systemd-logind[807]: Removed session 1.
Feb 17 00:05:19 kali (sd-pam)[934]: pam_unix(systemd-user:session): session closed for user lightdm
Feb 17 00:05:19 kali systemd[1]: user@111.service: Deactivated successfully.
Feb 17 00:05:19 kali systemd[1]: Stopped user@111.service - User Manager for UID 111.
Feb 17 00:05:19 kali systemd[1]: Stopping user-runtime-dir@111.service - User Runtime Directory /run/user/111...
Feb 17 00:05:19 kali systemd[1]: run-user-111.mount: Deactivated successfully.
Feb 17 00:05:19 kali systemd[1]: user-runtime-dir@111.service: Deactivated successfully.
Feb 17 00:05:19 kali systemd[1]: Stopped user-runtime-dir@111.service - User Runtime Directory /run/user/111.
Feb 17 00:05:19 kali systemd[1]: Removed slice user-111.slice - User Slice of UID 111.
Feb 17 00:05:19 kali systemd[1]: user-111.slice: Consumed 1.655s CPU time, 114.6M memory peak.
Feb 17 00:05:39 kali kernel: 05:05:39.852717 hostversion  Guest Additions update found! Please upgrade this machine to the latest Guest Additions.
Feb 17 00:05:46 kali kernel: 05:05:46.489328 SHCLX11   Shared Clipboard: Converting VBox formats 'BITMAP' to 'INVALID' for X11 (idxFmtX11=0, fmtX11=0, atomT
Feb 17 00:05:46 kali kernel: 05:05:46.495345 SHCLX11   Shared Clipboard: Converting VBox formats 'BITMAP' to 'INVALID' for X11 (idxFmtX11=0, fmtX11=0, atomT
Feb 17 00:06:08 kali dbus-daemon[1069]: [session uid=1000 pid=1069 pidfd=5] Activating via systemd: service name='org.freedesktop.portal.Desktop' unit='xdg-desktop-portal.service' requested by ':1.67' (uid=1000 pid=2061 comm="/usr/bin/qterminal")
Feb 17 00:06:08 kali systemd[1047]: Starting xdg-desktop-portal.service - Portal service...
Feb 17 00:06:08 kali dbus-daemon[1069]: [session uid=1000 pid=1069 pidfd=5] Activating via systemd: service name='org.freedesktop.impl.portal.PermissionStore' unit='xdg-permission-store.service' requested by ':1.68' (uid=1000 pid=2063 comm="/usr/libexec/xdg-desktop-portal")
Feb 17 00:06:08 kali systemd[1047]: Starting xdg-permission-store.service - sandboxed app permission store...
Feb 17 00:06:08 kali dbus-daemon[1069]: [session uid=1000 pid=1069 pidfd=5] Successfully activated service 'org.freedesktop.impl.portal.PermissionStore'
Feb 17 00:06:08 kali systemd[1047]: Started xdg-permission-store.service - sandboxed app permission store.
Feb 17 00:06:08 kali dbus-daemon[1069]: [session uid=1000 pid=1069 pidfd=5] Activating via systemd: service name='org.freedesktop.portal.Documents' unit='xdg-document-portal.service' requested by ':1.68' (uid=1000 pid=2063 comm="/usr/libexec/xdg-desktop-portal")
Feb 17 00:06:08 kali systemd[1047]: Starting xdg-document-portal.service - flatpak document portal service...
Feb 17 00:06:08 kali dbus-daemon[1069]: [session uid=1000 pid=1069 pidfd=5] Successfully activated service 'org.freedesktop.portal.Documents'
Feb 17 00:06:08 kali systemd[1047]: Started xdg-document-portal.service - flatpak document portal service.
Feb 17 00:06:08 kali dbus-daemon[1069]: [session uid=1000 pid=1069 pidfd=5] Activating via systemd: service name='org.freedesktop.impl.portal.desktop.gtk' unit='xdg-desktop-portal-gtk.service' requested by ':1.68' (uid=1000 pid=2063 comm="/usr/libexec/xdg-desktop-portal")
Feb 17 00:06:08 kali systemd[1047]: Starting xdg-desktop-portal-gtk.service - Portal service (GTK/GNOME implementation)...
Feb 17 00:06:08 kali dbus-daemon[1069]: [session uid=1000 pid=1069 pidfd=5] Successfully activated service 'org.freedesktop.impl.portal.desktop.gtk'
Feb 17 00:06:08 kali systemd[1047]: Started xdg-desktop-portal-gtk.service - Portal service (GTK/GNOME implementation).
Feb 17 00:06:08 kali rtkit-daemon[959]: Supervising 6 threads of 3 processes of 1 users.
Feb 17 00:06:09 kali rtkit-daemon[959]: Supervising 6 threads of 3 processes of 1 users.
Feb 17 00:06:09 kali rtkit-daemon[959]: Supervising 6 threads of 3 processes of 1 users.
Feb 17 00:06:09 kali rtkit-daemon[959]: Supervising 6 threads of 3 processes of 1 users.
Feb 17 00:06:09 kali rtkit-daemon[959]: Supervising 6 threads of 3 processes of 1 users.
Feb 17 00:06:09 kali rtkit-daemon[959]: Supervising 6 threads of 3 processes of 1 users.
Feb 17 00:06:09 kali dbus-daemon[1069]: [session uid=1000 pid=1069 pidfd=5] Successfully activated service 'org.freedesktop.portal.Desktop'
Feb 17 00:06:09 kali systemd[1047]: Started xdg-desktop-portal.service - Portal service.
Feb 17 00:06:13 kali systemd[1]: pcscd.service: Deactivated successfully.
Feb 17 00:06:13 kali kernel: 05:05:46.497873 SHCLX11   Shared Clipboard: Converting VBox formats 'BITMAP' to 'INVALID' for X11 (idxFmtX11=0, fmtX11=0, atomT
Feb 17 00:06:13 kali kernel: 05:06:13.587307 dp-svga-x11  output[0] successfully configured
Feb 17 00:06:13 kali kernel: 05:06:13.635149 dp-svga-x11  output[0] successfully configured
Feb 17 00:06:13 kali kernel: 05:06:13.681175 dp-svga-x11  output[0] successfully configured
Feb 17 00:06:13 kali kernel: 05:06:13.736143 dp-svga-x11  output[0] successfully configured
Feb 17 00:06:13 kali kernel: 05:06:13.777752 dp-svga-x11  output[0] successfully configured
Feb 17 00:06:13 kali kernel: 05:06:13.828905 dp-svga-x11  output[0] successfully configured
Feb 17 00:06:13 kali kernel: 05:06:13.873026 dp-svga-x11  output[0] successfully configured
Feb 17 00:06:13 kali kernel: 05:06:13.947752 dp-svga-x11  output[0] successfully configured
Feb 17 00:06:13 kali kernel: 05:06:13.996498 X11 events  received X11 event (89)
Feb 17 00:06:13 kali kernel: 05:06:13.997199 X11 events  RRScreenChangeNotify event received
Feb 17 00:06:14 kali kernel: 05:06:14.020328 dp-svga-x11  output[0] successfully configured
Feb 17 00:06:14 kali kernel: 05:06:14.029096 X11 events  Monitor 0 (w,h)=(800,911) (x,y)=(0,0)
Feb 17 00:06:14 kali kernel: 05:06:14.029584 X11 events  Sending monitor positions (8 of them)  to the host: VINF_SUCCESS
Feb 17 00:06:14 kali kernel: 05:06:14.029702 X11 events  received X11 event (89)
Feb 17 00:06:14 kali kernel: 05:06:14.029767 X11 events  RRScreenChangeNotify event received
Feb 17 00:06:14 kali kernel: 05:06:14.034586 X11 events  Monitor 0 (w,h)=(800,911) (x,y)=(0,0)
Feb 17 00:06:14 kali kernel: 05:06:14.034946 X11 events  Sending monitor positions (8 of them)  to the host: VINF_SUCCESS
Feb 17 00:06:14 kali kernel: 05:06:14.035090 X11 events  received X11 event (89)
Feb 17 00:06:14 kali kernel: 05:06:14.035192 X11 events  RRScreenChangeNotify event received
Feb 17 00:06:14 kali kernel: 05:06:14.051421 X11 events  Monitor 0 (w,h)=(800,911) (x,y)=(0,0)
Feb 17 00:06:14 kali kernel: 05:06:14.051898 X11 events  Sending monitor positions (8 of them)  to the host: VINF_SUCCESS
Feb 17 00:06:14 kali kernel: 05:06:14.052500 X11 events  received X11 event (89)
Feb 17 00:06:14 kali kernel: 05:06:14.052637 X11 events  RRScreenChangeNotify event received
Feb 17 00:06:14 kali kernel: 05:06:14.086679 dp-svga-x11  output[0] successfully configured
Feb 17 00:06:14 kali kernel: 05:06:14.090894 X11 events  Monitor 0 (w,h)=(800,910) (x,y)=(0,0)
Feb 17 00:06:14 kali kernel: 05:06:14.091218 X11 events  Sending monitor positions (8 of them)  to the host: VINF_SUCCESS
Feb 17 00:06:14 kali kernel: 05:06:14.095852 X11 events  received X11 event (89)
Feb 17 00:06:14 kali kernel: 05:06:14.096138 X11 events  RRScreenChangeNotify event received
Feb 17 00:06:14 kali kernel: 05:06:14.103113 X11 events  Monitor 0 (w,h)=(800,910) (x,y)=(0,0)
Feb 17 00:06:14 kali kernel: 05:06:14.131501 X11 events  Sending monitor positions (8 of them)  to the host: VINF_SUCCESS
Feb 17 00:06:14 kali kernel: 05:06:14.132521 X11 events  received X11 event (89)
Feb 17 00:06:14 kali kernel: 05:06:14.136634 X11 events  RRScreenChangeNotify event received
Feb 17 00:06:14 kali kernel: 05:06:14.138765 X11 events  Monitor 0 (w,h)=(800,910) (x,y)=(0,0)
Feb 17 00:06:14 kali kernel: 05:06:14.141042 X11 events  Sending monitor positions (8 of them)  to the host: VINF_SUCCESS
Feb 17 00:06:14 kali kernel: 05:06:14.142114 X11 events  received X11 event (89)
Feb 17 00:06:14 kali kernel: 05:06:14.142219 X11 events  RRScreenChangeNotify event received
Feb 17 00:06:14 kali kernel: 05:06:14.143414 X11 events  Monitor 0 (w,h)=(800,910) (x,y)=(0,0)
Feb 17 00:06:14 kali kernel: 05:06:14.144949 X11 events  Sending monitor positions (8 of them)  to the host: VINF_SUCCESS
Feb 17 00:06:14 kali kernel: 05:06:14.146348 X11 events  received X11 event (89)
Feb 17 00:06:14 kali kernel: 05:06:14.146454 X11 events  RRScreenChangeNotify event received
Feb 17 00:06:14 kali kernel: 05:06:14.149439 X11 events  Monitor 0 (w,h)=(800,910) (x,y)=(0,0)
Feb 17 00:06:14 kali kernel: 05:06:14.149749 X11 events  Sending monitor positions (8 of them)  to the host: VINF_SUCCESS
Feb 17 00:06:14 kali kernel: 05:06:14.149900 X11 events  received X11 event (89)
Feb 17 00:06:14 kali kernel: 05:06:14.150012 X11 events  RRScreenChangeNotify event received
Feb 17 00:06:14 kali kernel: 05:06:14.151015 X11 events  Monitor 0 (w,h)=(800,910) (x,y)=(0,0)
Feb 17 00:06:14 kali kernel: 05:06:14.151235 X11 events  Sending monitor positions (8 of them)  to the host: VINF_SUCCESS
Feb 17 00:06:14 kali kernel: 05:06:14.151335 X11 events  received X11 event (89)
Feb 17 00:06:14 kali kernel: 05:06:14.151399 X11 events  RRScreenChangeNotify event received
Feb 17 00:06:14 kali kernel: 05:06:14.151541 X11 events  Monitor 0 (w,h)=(800,910) (x,y)=(0,0)
Feb 17 00:06:14 kali kernel: 05:06:14.151636 X11 events  Sending monitor positions (8 of them)  to the host: VINF_SUCCESS
Feb 17 00:06:14 kali kernel: 05:06:14.151742 X11 events  received X11 event (89)
Feb 17 00:06:14 kali kernel: 05:06:14.151855 X11 events  RRScreenChangeNotify event received
Feb 17 00:06:14 kali kernel: 05:06:14.155107 X11 events  Monitor 0 (w,h)=(800,910) (x,y)=(0,0)
Feb 17 00:06:14 kali kernel: 05:06:14.155390 X11 events  Sending monitor positions (8 of them)  to the host: VINF_SUCCESS
Feb 17 00:06:14 kali kernel: 05:06:14.155508 X11 events  received X11 event (89)
Feb 17 00:06:14 kali kernel: 05:06:14.155597 X11 events  RRScreenChangeNotify event received
Feb 17 00:06:14 kali kernel: 05:06:14.155927 X11 events  Monitor 0 (w,h)=(800,910) (x,y)=(0,0)
Feb 17 00:06:14 kali kernel: 05:06:14.156038 X11 events  Sending monitor positions (8 of them)  to the host: VINF_SUCCESS
Feb 17 00:06:14 kali kernel: 05:06:14.156134 X11 events  received X11 event (89)
Feb 17 00:06:14 kali kernel: 05:06:14.156437 X11 events  RRScreenChangeNotify event received
Feb 17 00:06:14 kali kernel: 05:06:14.156621 X11 events  Monitor 0 (w,h)=(800,910) (x,y)=(0,0)
Feb 17 00:06:14 kali kernel: 05:06:14.156709 X11 events  Sending monitor positions (8 of them)  to the host: VINF_SUCCESS
Feb 17 00:06:14 kali kernel: 05:06:14.156800 X11 events  received X11 event (89)
Feb 17 00:06:14 kali kernel: 05:06:14.156860 X11 events  RRScreenChangeNotify event received
Feb 17 00:06:14 kali kernel: 05:06:14.156948 X11 events  Monitor 0 (w,h)=(800,910) (x,y)=(0,0)
Feb 17 00:06:14 kali kernel: 05:06:14.157034 X11 events  Sending monitor positions (8 of them)  to the host: VINF_SUCCESS
Feb 17 00:06:14 kali kernel: 05:06:14.157125 X11 events  received X11 event (89)
Feb 17 00:06:14 kali kernel: 05:06:14.157184 X11 events  RRScreenChangeNotify event received
Feb 17 00:06:14 kali kernel: 05:06:14.157397 X11 events  Monitor 0 (w,h)=(800,910) (x,y)=(0,0)
Feb 17 00:06:14 kali kernel: 05:06:14.157527 X11 events  Sending monitor positions (8 of them)  to the host: VINF_SUCCESS
Feb 17 00:06:14 kali kernel: 05:06:14.157817 X11 events  received X11 event (89)
Feb 17 00:06:14 kali kernel: 05:06:14.157967 X11 events  RRScreenChangeNotify event received
Feb 17 00:06:14 kali kernel: 05:06:14.158169 X11 events  Monitor 0 (w,h)=(800,910) (x,y)=(0,0)
Feb 17 00:06:14 kali kernel: 05:06:14.159420 X11 events  Sending monitor positions (8 of them)  to the host: VINF_SUCCESS
Feb 17 00:06:14 kali kernel: 05:06:14.159567 X11 events  received X11 event (89)
Feb 17 00:06:14 kali kernel: 05:06:14.159628 X11 events  RRScreenChangeNotify event received
Feb 17 00:06:14 kali kernel: 05:06:14.161694 X11 events  Monitor 0 (w,h)=(800,910) (x,y)=(0,0)
Feb 17 00:06:14 kali kernel: 05:06:14.161810 X11 events  Sending monitor positions (8 of them)  to the host: VINF_SUCCESS
Feb 17 00:06:14 kali kernel: 05:06:14.161893 X11 events  received X11 event (89)
Feb 17 00:06:14 kali kernel: 05:06:14.161951 X11 events  RRScreenChangeNotify event received
Feb 17 00:06:14 kali kernel: 05:06:14.163592 X11 events  Monitor 0 (w,h)=(800,910) (x,y)=(0,0)
Feb 17 00:06:14 kali kernel: 05:06:14.165197 X11 events  Sending monitor positions (8 of them)  to the host: VINF_SUCCESS
Feb 17 00:06:14 kali kernel: 05:06:14.165320 X11 events  received X11 event (89)
Feb 17 00:06:14 kali kernel: 05:06:14.165381 X11 events  RRScreenChangeNotify event received
Feb 17 00:06:14 kali kernel: 05:06:14.178769 X11 events  Monitor 0 (w,h)=(800,910) (x,y)=(0,0)
Feb 17 00:06:14 kali kernel: 05:06:14.178948 X11 events  Sending monitor positions (8 of them)  to the host: VINF_SUCCESS
Feb 17 00:06:14 kali kernel: 05:06:14.182210 X11 events  received X11 event (89)
Feb 17 00:06:14 kali kernel: 05:06:14.182686 X11 events  RRScreenChangeNotify event received
Feb 17 00:06:14 kali kernel: 05:06:14.196552 X11 events  Monitor 0 (w,h)=(800,910) (x,y)=(0,0)
Feb 17 00:06:14 kali kernel: 05:06:14.200205 X11 events  Sending monitor positions (8 of them)  to the host: VINF_SUCCESS
Feb 17 00:06:14 kali kernel: 05:06:14.202505 X11 events  received X11 event (89)
Feb 17 00:06:14 kali kernel: 05:06:14.202612 X11 events  RRScreenChangeNotify event received
Feb 17 00:06:14 kali kernel: 05:06:14.221179 X11 events  Monitor 0 (w,h)=(800,910) (x,y)=(0,0)
Feb 17 00:06:14 kali kernel: 05:06:14.221355 X11 events  Sending monitor positions (8 of them)  to the host: VINF_SUCCESS
Feb 17 00:06:14 kali kernel: 05:06:14.221441 X11 events  received X11 event (89)
Feb 17 00:06:14 kali kernel: 05:06:14.221503 X11 events  RRScreenChangeNotify event received
Feb 17 00:06:14 kali kernel: 05:06:14.226002 X11 events  Monitor 0 (w,h)=(800,910) (x,y)=(0,0)
Feb 17 00:06:14 kali kernel: 05:06:14.226401 X11 events  Sending monitor positions (8 of them)  to the host: VINF_SUCCESS
Feb 17 00:06:14 kali kernel: 05:06:14.226561 X11 events  received X11 event (89)
Feb 17 00:06:14 kali kernel: 05:06:14.226620 X11 events  RRScreenChangeNotify event received
Feb 17 00:06:14 kali kernel: 05:06:14.230459 X11 events  Monitor 0 (w,h)=(800,910) (x,y)=(0,0)
Feb 17 00:06:14 kali kernel: 05:06:14.230889 X11 events  Sending monitor positions (8 of them)  to the host: VINF_SUCCESS
Feb 17 00:06:14 kali kernel: 05:06:14.231268 X11 events  received X11 event (89)
Feb 17 00:06:14 kali kernel: 05:06:14.231770 X11 events  RRScreenChangeNotify event received
Feb 17 00:06:14 kali kernel: 05:06:14.233808 X11 events  Monitor 0 (w,h)=(800,910) (x,y)=(0,0)
Feb 17 00:06:14 kali kernel: 05:06:14.244225 X11 events  Sending monitor positions (8 of them)  to the host: VINF_SUCCESS
Feb 17 00:06:14 kali kernel: 05:06:14.244356 X11 events  received X11 event (89)
Feb 17 00:06:14 kali kernel: 05:06:14.244419 X11 events  RRScreenChangeNotify event received
Feb 17 00:06:14 kali kernel: 05:06:14.252189 X11 events  Monitor 0 (w,h)=(800,910) (x,y)=(0,0)
Feb 17 00:06:14 kali kernel: 05:06:14.252404 X11 events  Sending monitor positions (8 of them)  to the host: VINF_SUCCESS
Feb 17 00:06:14 kali kernel: 05:06:14.252490 X11 events  received X11 event (89)
Feb 17 00:06:14 kali kernel: 05:06:14.252548 X11 events  RRScreenChangeNotify event received
Feb 17 00:06:14 kali kernel: 05:06:14.252781 X11 events  Monitor 0 (w,h)=(800,910) (x,y)=(0,0)
Feb 17 00:06:14 kali kernel: 05:06:14.252883 X11 events  Sending monitor positions (8 of them)  to the host: VINF_SUCCESS
Feb 17 00:06:14 kali kernel: 05:06:14.253519 X11 events  received X11 event (89)
Feb 17 00:06:14 kali kernel: 05:06:14.253873 X11 events  RRScreenChangeNotify event received
Feb 17 00:06:14 kali kernel: 05:06:14.260424 X11 events  Monitor 0 (w,h)=(800,910) (x,y)=(0,0)
Feb 17 00:06:14 kali kernel: 05:06:14.261131 X11 events  Sending monitor positions (8 of them)  to the host: VINF_SUCCESS
Feb 17 00:06:14 kali kernel: 05:06:14.262996 X11 events  received X11 event (89)
Feb 17 00:06:14 kali kernel: 05:06:14.263154 X11 events  RRScreenChangeNotify event received
Feb 17 00:06:14 kali kernel: 05:06:14.263563 X11 events  Monitor 0 (w,h)=(800,910) (x,y)=(0,0)
Feb 17 00:06:14 kali kernel: 05:06:14.263661 X11 events  Sending monitor positions (8 of them)  to the host: VINF_SUCCESS
Feb 17 00:06:14 kali kernel: 05:06:14.263837 X11 events  received X11 event (89)
Feb 17 00:06:14 kali kernel: 05:06:14.264078 X11 events  RRScreenChangeNotify event received
Feb 17 00:06:14 kali kernel: 05:06:14.269821 X11 events  Monitor 0 (w,h)=(800,910) (x,y)=(0,0)
Feb 17 00:06:14 kali kernel: 05:06:14.272077 X11 events  Sending monitor positions (8 of them)  to the host: VINF_SUCCESS
Feb 17 00:06:14 kali kernel: 05:06:14.272349 X11 events  received X11 event (89)
Feb 17 00:06:14 kali kernel: 05:06:14.272445 X11 events  RRScreenChangeNotify event received
Feb 17 00:06:14 kali kernel: 05:06:14.279855 X11 events  Monitor 0 (w,h)=(800,910) (x,y)=(0,0)
Feb 17 00:06:14 kali kernel: 05:06:14.280118 X11 events  Sending monitor positions (8 of them)  to the host: VINF_SUCCESS
Feb 17 00:06:14 kali kernel: 05:06:14.280208 X11 events  received X11 event (89)
Feb 17 00:06:14 kali kernel: 05:06:14.280266 X11 events  RRScreenChangeNotify event received
Feb 17 00:06:14 kali kernel: 05:06:14.281217 X11 events  Monitor 0 (w,h)=(800,910) (x,y)=(0,0)
Feb 17 00:06:14 kali kernel: 05:06:14.281369 X11 events  Sending monitor positions (8 of them)  to the host: VINF_SUCCESS
Feb 17 00:06:14 kali kernel: 05:06:14.281460 X11 events  received X11 event (89)
Feb 17 00:06:14 kali kernel: 05:06:14.281645 X11 events  RRScreenChangeNotify event received
Feb 17 00:06:14 kali kernel: 05:06:14.289097 X11 events  Monitor 0 (w,h)=(800,910) (x,y)=(0,0)
Feb 17 00:06:14 kali kernel: 05:06:14.289290 X11 events  Sending monitor positions (8 of them)  to the host: VINF_SUCCESS
Feb 17 00:06:14 kali kernel: 05:06:14.289385 X11 events  received X11 event (89)
Feb 17 00:06:14 kali kernel: 05:06:14.289445 X11 events  RRScreenChangeNotify event received
Feb 17 00:06:14 kali kernel: 05:06:14.290389 X11 events  Monitor 0 (w,h)=(800,910) (x,y)=(0,0)
Feb 17 00:06:14 kali kernel: 05:06:14.291944 X11 events  Sending monitor positions (8 of them)  to the host: VINF_SUCCESS
Feb 17 00:06:14 kali kernel: 05:06:14.292119 X11 events  received X11 event (89)
Feb 17 00:06:14 kali kernel: 05:06:14.292184 X11 events  RRScreenChangeNotify event received
Feb 17 00:06:14 kali kernel: 05:06:14.293592 X11 events  Monitor 0 (w,h)=(800,910) (x,y)=(0,0)
Feb 17 00:06:14 kali kernel: 05:06:14.293946 X11 events  Sending monitor positions (8 of them)  to the host: VINF_SUCCESS
Feb 17 00:06:14 kali kernel: 05:06:14.294056 X11 events  received X11 event (89)
Feb 17 00:06:14 kali kernel: 05:06:14.297519 X11 events  RRScreenChangeNotify event received
Feb 17 00:06:14 kali kernel: 05:06:14.302259 X11 events  Monitor 0 (w,h)=(800,910) (x,y)=(0,0)
Feb 17 00:06:14 kali kernel: 05:06:14.302515 X11 events  Sending monitor positions (8 of them)  to the host: VINF_SUCCESS
Feb 17 00:06:14 kali kernel: 05:06:14.302666 X11 events  received X11 event (89)
Feb 17 00:06:14 kali kernel: 05:06:14.302762 X11 events  RRScreenChangeNotify event received
Feb 17 00:06:14 kali kernel: 05:06:14.306112 X11 events  Monitor 0 (w,h)=(800,910) (x,y)=(0,0)
Feb 17 00:06:14 kali kernel: 05:06:14.306675 X11 events  Sending monitor positions (8 of them)  to the host: VINF_SUCCESS
Feb 17 00:06:14 kali kernel: 05:06:14.306778 X11 events  received X11 event (89)
Feb 17 00:06:14 kali kernel: 05:06:14.306841 X11 events  RRScreenChangeNotify event received
Feb 17 00:06:14 kali kernel: 05:06:14.311608 X11 events  Monitor 0 (w,h)=(800,910) (x,y)=(0,0)
Feb 17 00:06:14 kali kernel: 05:06:14.313564 X11 events  Sending monitor positions (8 of them)  to the host: VINF_SUCCESS
Feb 17 00:06:14 kali kernel: 05:06:14.313761 X11 events  received X11 event (89)
Feb 17 00:06:14 kali kernel: 05:06:14.313826 X11 events  RRScreenChangeNotify event received
Feb 17 00:06:14 kali kernel: 05:06:14.315440 X11 events  Monitor 0 (w,h)=(800,910) (x,y)=(0,0)
Feb 17 00:06:14 kali kernel: 05:06:14.315565 X11 events  Sending monitor positions (8 of them)  to the host: VINF_SUCCESS
Feb 17 00:06:14 kali kernel: 05:06:14.315652 X11 events  received X11 event (89)
Feb 17 00:06:14 kali kernel: 05:06:14.315719 X11 events  RRScreenChangeNotify event received
Feb 17 00:06:14 kali kernel: 05:06:14.320900 X11 events  Monitor 0 (w,h)=(800,910) (x,y)=(0,0)
Feb 17 00:06:14 kali kernel: 05:06:14.321123 X11 events  Sending monitor positions (8 of them)  to the host: VINF_SUCCESS
Feb 17 00:06:14 kali kernel: 05:06:14.321207 X11 events  received X11 event (89)
Feb 17 00:06:14 kali kernel: 05:06:14.321264 X11 events  RRScreenChangeNotify event received
Feb 17 00:06:14 kali kernel: 05:06:14.326813 X11 events  Monitor 0 (w,h)=(800,910) (x,y)=(0,0)
Feb 17 00:06:14 kali kernel: 05:06:14.327054 X11 events  Sending monitor positions (8 of them)  to the host: VINF_SUCCESS
Feb 17 00:06:19 kali kernel: 05:06:19.667710 dp-svga-x11  output[0] successfully configured
Feb 17 00:06:19 kali kernel: 05:06:19.723269 dp-svga-x11  output[0] successfully configured
Feb 17 00:06:19 kali kernel: 05:06:19.780935 dp-svga-x11  output[0] successfully configured
Feb 17 00:06:19 kali kernel: 05:06:19.826034 dp-svga-x11  output[0] successfully configured
Feb 17 00:06:19 kali kernel: 05:06:19.835490 X11 events  received X11 event (89)
Feb 17 00:06:19 kali kernel: 05:06:19.835764 X11 events  RRScreenChangeNotify event received
Feb 17 00:06:19 kali kernel: 05:06:19.875409 dp-svga-x11  output[0] successfully configured
Feb 17 00:06:19 kali kernel: 05:06:19.922671 dp-svga-x11  output[0] successfully configured
Feb 17 00:06:19 kali kernel: 05:06:19.947870 X11 events  Monitor 0 (w,h)=(951,910) (x,y)=(0,0)
Feb 17 00:06:19 kali kernel: 05:06:19.948111 X11 events  Sending monitor positions (8 of them)  to the host: VINF_SUCCESS
Feb 17 00:06:19 kali kernel: 05:06:19.948684 X11 events  received X11 event (89)
Feb 17 00:06:19 kali kernel: 05:06:19.948911 X11 events  RRScreenChangeNotify event received
Feb 17 00:06:20 kali kernel: 05:06:20.022816 dp-svga-x11  output[0] successfully configured
Feb 17 00:06:20 kali kernel: 05:06:20.083325 dp-svga-x11  output[0] successfully configured
Feb 17 00:06:20 kali kernel: 05:06:20.094282 X11 events  Monitor 0 (w,h)=(988,910) (x,y)=(0,0)
Feb 17 00:06:20 kali kernel: 05:06:20.101913 X11 events  Sending monitor positions (8 of them)  to the host: VINF_SUCCESS
Feb 17 00:06:20 kali kernel: 05:06:20.106003 X11 events  received X11 event (89)
Feb 17 00:06:20 kali kernel: 05:06:20.106742 X11 events  RRScreenChangeNotify event received
Feb 17 00:06:20 kali kernel: 05:06:20.111949 X11 events  Monitor 0 (w,h)=(988,910) (x,y)=(0,0)
Feb 17 00:06:20 kali kernel: 05:06:20.113833 X11 events  Sending monitor positions (8 of them)  to the host: VINF_SUCCESS
Feb 17 00:06:20 kali kernel: 05:06:20.114017 X11 events  received X11 event (89)
Feb 17 00:06:20 kali kernel: 05:06:20.114079 X11 events  RRScreenChangeNotify event received
Feb 17 00:06:20 kali kernel: 05:06:20.155464 dp-svga-x11  output[0] successfully configured
Feb 17 00:06:20 kali kernel: 05:06:20.201124 dp-svga-x11  output[0] successfully configured
Feb 17 00:06:20 kali kernel: 05:06:20.261319 dp-svga-x11  output[0] successfully configured
Feb 17 00:06:20 kali kernel: 05:06:20.321789 dp-svga-x11  output[0] successfully configured
Feb 17 00:06:20 kali kernel: 05:06:20.372683 dp-svga-x11  output[0] successfully configured
Feb 17 00:06:20 kali kernel: 05:06:20.441666 dp-svga-x11  output[0] successfully configured
Feb 17 00:06:20 kali kernel: 05:06:20.510230 dp-svga-x11  output[0] successfully configured
Feb 17 00:06:20 kali kernel: 05:06:20.542513 X11 events  Monitor 0 (w,h)=(1001,910) (x,y)=(0,0)
Feb 17 00:06:20 kali kernel: 05:06:20.542992 X11 events  Sending monitor positions (8 of them)  to the host: VINF_SUCCESS
Feb 17 00:06:20 kali kernel: 05:06:20.543263 X11 events  received X11 event (89)
Feb 17 00:06:20 kali kernel: 05:06:20.543477 X11 events  RRScreenChangeNotify event received
Feb 17 00:06:20 kali kernel: 05:06:20.583055 dp-svga-x11  output[0] successfully configured
Feb 17 00:06:20 kali kernel: 05:06:20.604248 X11 events  Monitor 0 (w,h)=(1000,910) (x,y)=(0,0)
Feb 17 00:06:20 kali kernel: 05:06:20.604454 X11 events  Sending monitor positions (8 of them)  to the host: VINF_SUCCESS
Feb 17 00:06:20 kali kernel: 05:06:20.605329 X11 events  received X11 event (89)
Feb 17 00:06:20 kali kernel: 05:06:20.605423 X11 events  RRScreenChangeNotify event received
Feb 17 00:06:20 kali kernel: 05:06:20.605879 X11 events  Monitor 0 (w,h)=(1000,910) (x,y)=(0,0)
Feb 17 00:06:20 kali kernel: 05:06:20.606126 X11 events  Sending monitor positions (8 of them)  to the host: VINF_SUCCESS
Feb 17 00:06:20 kali kernel: 05:06:20.606220 X11 events  received X11 event (89)
Feb 17 00:06:20 kali kernel: 05:06:20.607141 X11 events  RRScreenChangeNotify event received
Feb 17 00:06:20 kali kernel: 05:06:20.607604 X11 events  Monitor 0 (w,h)=(1000,910) (x,y)=(0,0)
Feb 17 00:06:20 kali kernel: 05:06:20.607721 X11 events  Sending monitor positions (8 of them)  to the host: VINF_SUCCESS
Feb 17 00:06:20 kali kernel: 05:06:20.607812 X11 events  received X11 event (89)
Feb 17 00:06:20 kali kernel: 05:06:20.608483 X11 events  RRScreenChangeNotify event received
Feb 17 00:06:20 kali kernel: 05:06:20.608858 X11 events  Monitor 0 (w,h)=(1000,910) (x,y)=(0,0)
Feb 17 00:06:20 kali kernel: 05:06:20.609478 X11 events  Sending monitor positions (8 of them)  to the host: VINF_SUCCESS
Feb 17 00:06:20 kali kernel: 05:06:20.610494 X11 events  received X11 event (89)
Feb 17 00:06:20 kali kernel: 05:06:20.611159 X11 events  RRScreenChangeNotify event received
Feb 17 00:06:20 kali kernel: 05:06:20.611880 X11 events  Monitor 0 (w,h)=(1000,910) (x,y)=(0,0)
Feb 17 00:06:20 kali kernel: 05:06:20.612135 X11 events  Sending monitor positions (8 of them)  to the host: VINF_SUCCESS
Feb 17 00:06:20 kali kernel: 05:06:20.612222 X11 events  received X11 event (89)
Feb 17 00:06:20 kali kernel: 05:06:20.612287 X11 events  RRScreenChangeNotify event received
Feb 17 00:06:20 kali kernel: 05:06:20.612828 X11 events  Monitor 0 (w,h)=(1000,910) (x,y)=(0,0)
Feb 17 00:06:20 kali kernel: 05:06:20.613263 X11 events  Sending monitor positions (8 of them)  to the host: VINF_SUCCESS
Feb 17 00:06:20 kali kernel: 05:06:20.613759 X11 events  received X11 event (89)
Feb 17 00:06:20 kali kernel: 05:06:20.613894 X11 events  RRScreenChangeNotify event received
Feb 17 00:06:20 kali kernel: 05:06:20.614910 X11 events  Monitor 0 (w,h)=(1000,910) (x,y)=(0,0)
Feb 17 00:06:20 kali kernel: 05:06:20.615721 X11 events  Sending monitor positions (8 of them)  to the host: VINF_SUCCESS
Feb 17 00:06:20 kali kernel: 05:06:20.616716 X11 events  received X11 event (89)
Feb 17 00:06:20 kali kernel: 05:06:20.616807 X11 events  RRScreenChangeNotify event received
Feb 17 00:06:20 kali kernel: 05:06:20.617532 X11 events  Monitor 0 (w,h)=(1000,910) (x,y)=(0,0)
Feb 17 00:06:20 kali kernel: 05:06:20.618211 X11 events  Sending monitor positions (8 of them)  to the host: VINF_SUCCESS
Feb 17 00:06:20 kali kernel: 05:06:20.618323 X11 events  received X11 event (89)
Feb 17 00:06:20 kali kernel: 05:06:20.618388 X11 events  RRScreenChangeNotify event received
Feb 17 00:06:20 kali kernel: 05:06:20.618701 X11 events  Monitor 0 (w,h)=(1000,910) (x,y)=(0,0)
Feb 17 00:06:20 kali kernel: 05:06:20.619283 X11 events  Sending monitor positions (8 of them)  to the host: VINF_SUCCESS
Feb 17 00:06:20 kali kernel: 05:06:20.619947 X11 events  received X11 event (89)
Feb 17 00:06:20 kali kernel: 05:06:20.620018 X11 events  RRScreenChangeNotify event received
Feb 17 00:06:20 kali kernel: 05:06:20.620253 X11 events  Monitor 0 (w,h)=(1000,910) (x,y)=(0,0)
Feb 17 00:06:20 kali kernel: 05:06:20.620994 X11 events  Sending monitor positions (8 of them)  to the host: VINF_SUCCESS
Feb 17 00:06:20 kali kernel: 05:06:20.622006 X11 events  received X11 event (89)
Feb 17 00:06:20 kali kernel: 05:06:20.622071 X11 events  RRScreenChangeNotify event received
Feb 17 00:06:20 kali kernel: 05:06:20.622636 X11 events  Monitor 0 (w,h)=(1000,910) (x,y)=(0,0)
Feb 17 00:06:20 kali kernel: 05:06:20.623514 X11 events  Sending monitor positions (8 of them)  to the host: VINF_SUCCESS
Feb 17 00:06:20 kali kernel: 05:06:20.624700 X11 events  received X11 event (89)
Feb 17 00:06:20 kali kernel: 05:06:20.625393 X11 events  RRScreenChangeNotify event received
Feb 17 00:06:20 kali kernel: 05:06:20.626005 X11 events  Monitor 0 (w,h)=(1000,910) (x,y)=(0,0)
Feb 17 00:06:20 kali kernel: 05:06:20.627503 X11 events  Sending monitor positions (8 of them)  to the host: VINF_SUCCESS
Feb 17 00:06:20 kali kernel: 05:06:20.628676 X11 events  received X11 event (89)
Feb 17 00:06:20 kali kernel: 05:06:20.629249 X11 events  RRScreenChangeNotify event received
Feb 17 00:06:20 kali kernel: 05:06:20.630212 X11 events  Monitor 0 (w,h)=(1000,910) (x,y)=(0,0)
Feb 17 00:06:20 kali kernel: 05:06:20.631268 X11 events  Sending monitor positions (8 of them)  to the host: VINF_SUCCESS
Feb 17 00:06:20 kali kernel: 05:06:20.632105 X11 events  received X11 event (89)
Feb 17 00:06:20 kali kernel: 05:06:20.632178 X11 events  RRScreenChangeNotify event received
Feb 17 00:06:20 kali kernel: 05:06:20.633453 X11 events  Monitor 0 (w,h)=(1000,910) (x,y)=(0,0)
Feb 17 00:06:20 kali kernel: 05:06:20.634604 X11 events  Sending monitor positions (8 of them)  to the host: VINF_SUCCESS
Feb 17 00:06:20 kali kernel: 05:06:20.635513 X11 events  received X11 event (89)
Feb 17 00:06:20 kali kernel: 05:06:20.636353 X11 events  RRScreenChangeNotify event received
Feb 17 00:06:20 kali kernel: 05:06:20.637106 X11 events  Monitor 0 (w,h)=(1000,910) (x,y)=(0,0)
Feb 17 00:06:20 kali kernel: 05:06:20.637963 X11 events  Sending monitor positions (8 of them)  to the host: VINF_SUCCESS
Feb 17 00:06:20 kali kernel: 05:06:20.639356 X11 events  received X11 event (89)
Feb 17 00:06:20 kali kernel: 05:06:20.640228 X11 events  RRScreenChangeNotify event received
Feb 17 00:06:20 kali kernel: 05:06:20.640966 X11 events  Monitor 0 (w,h)=(1000,910) (x,y)=(0,0)
Feb 17 00:06:20 kali kernel: 05:06:20.641810 X11 events  Sending monitor positions (8 of them)  to the host: VINF_SUCCESS
Feb 17 00:06:20 kali kernel: 05:06:20.642590 X11 events  received X11 event (89)
Feb 17 00:06:20 kali kernel: 05:06:20.643349 X11 events  RRScreenChangeNotify event received
Feb 17 00:06:20 kali kernel: 05:06:20.644284 X11 events  Monitor 0 (w,h)=(1000,910) (x,y)=(0,0)
Feb 17 00:06:20 kali kernel: 05:06:20.645003 X11 events  Sending monitor positions (8 of them)  to the host: VINF_SUCCESS
Feb 17 00:06:20 kali kernel: 05:06:20.645100 X11 events  received X11 event (89)
Feb 17 00:06:20 kali kernel: 05:06:20.645169 X11 events  RRScreenChangeNotify event received
Feb 17 00:06:20 kali kernel: 05:06:20.646173 X11 events  Monitor 0 (w,h)=(1000,910) (x,y)=(0,0)
Feb 17 00:06:20 kali kernel: 05:06:20.646271 X11 events  Sending monitor positions (8 of them)  to the host: VINF_SUCCESS
Feb 17 00:06:20 kali kernel: 05:06:20.646353 X11 events  received X11 event (89)
Feb 17 00:06:20 kali kernel: 05:06:20.646415 X11 events  RRScreenChangeNotify event received
Feb 17 00:06:20 kali kernel: 05:06:20.647711 X11 events  Monitor 0 (w,h)=(1000,910) (x,y)=(0,0)
Feb 17 00:06:20 kali kernel: 05:06:20.647812 X11 events  Sending monitor positions (8 of them)  to the host: VINF_SUCCESS
Feb 17 00:06:20 kali kernel: 05:06:20.647896 X11 events  received X11 event (89)
Feb 17 00:06:20 kali kernel: 05:06:20.649358 X11 events  RRScreenChangeNotify event received
Feb 17 00:06:20 kali kernel: 05:06:20.650821 X11 events  Monitor 0 (w,h)=(1000,910) (x,y)=(0,0)
Feb 17 00:06:20 kali kernel: 05:06:20.654067 X11 events  Sending monitor positions (8 of them)  to the host: VINF_SUCCESS
Feb 17 00:06:20 kali kernel: 05:06:20.654476 X11 events  received X11 event (89)
Feb 17 00:06:20 kali kernel: 05:06:20.654547 X11 events  RRScreenChangeNotify event received
Feb 17 00:06:20 kali kernel: 05:06:20.667824 X11 events  Monitor 0 (w,h)=(1000,910) (x,y)=(0,0)
Feb 17 00:06:20 kali kernel: 05:06:20.668587 X11 events  Sending monitor positions (8 of them)  to the host: VINF_SUCCESS
Feb 17 00:06:20 kali kernel: 05:06:20.668699 X11 events  received X11 event (89)
Feb 17 00:06:20 kali kernel: 05:06:20.668759 X11 events  RRScreenChangeNotify event received
Feb 17 00:06:20 kali kernel: 05:06:20.675388 X11 events  Monitor 0 (w,h)=(1000,910) (x,y)=(0,0)
Feb 17 00:06:20 kali kernel: 05:06:20.687008 X11 events  Sending monitor positions (8 of them)  to the host: VINF_SUCCESS
Feb 17 00:06:20 kali kernel: 05:06:20.687229 X11 events  received X11 event (89)
Feb 17 00:06:20 kali kernel: 05:06:20.687374 X11 events  RRScreenChangeNotify event received
Feb 17 00:06:20 kali kernel: 05:06:20.704810 X11 events  Monitor 0 (w,h)=(1000,910) (x,y)=(0,0)
Feb 17 00:06:20 kali kernel: 05:06:20.705584 X11 events  Sending monitor positions (8 of them)  to the host: VINF_SUCCESS
Feb 17 00:06:20 kali kernel: 05:06:20.708413 X11 events  received X11 event (89)
Feb 17 00:06:20 kali kernel: 05:06:20.708596 X11 events  RRScreenChangeNotify event received
Feb 17 00:06:20 kali kernel: 05:06:20.723655 X11 events  Monitor 0 (w,h)=(1000,910) (x,y)=(0,0)
Feb 17 00:06:20 kali kernel: 05:06:20.734355 X11 events  Sending monitor positions (8 of them)  to the host: VINF_SUCCESS
Feb 17 00:06:20 kali kernel: 05:06:20.735805 X11 events  received X11 event (89)
Feb 17 00:06:20 kali kernel: 05:06:20.737096 X11 events  RRScreenChangeNotify event received
Feb 17 00:06:20 kali kernel: 05:06:20.738628 X11 events  Monitor 0 (w,h)=(1000,910) (x,y)=(0,0)
Feb 17 00:06:20 kali kernel: 05:06:20.738738 X11 events  Sending monitor positions (8 of them)  to the host: VINF_SUCCESS
Feb 17 00:06:20 kali kernel: 05:06:20.738820 X11 events  received X11 event (89)
Feb 17 00:06:20 kali kernel: 05:06:20.738877 X11 events  RRScreenChangeNotify event received
Feb 17 00:06:20 kali kernel: 05:06:20.740053 X11 events  Monitor 0 (w,h)=(1000,910) (x,y)=(0,0)
Feb 17 00:06:20 kali kernel: 05:06:20.740964 X11 events  Sending monitor positions (8 of them)  to the host: VINF_SUCCESS
Feb 17 00:06:20 kali kernel: 05:06:20.741950 X11 events  received X11 event (89)
Feb 17 00:06:20 kali kernel: 05:06:20.742459 X11 events  RRScreenChangeNotify event received
Feb 17 00:06:20 kali kernel: 05:06:20.743465 X11 events  Monitor 0 (w,h)=(1000,910) (x,y)=(0,0)
Feb 17 00:06:20 kali kernel: 05:06:20.743560 X11 events  Sending monitor positions (8 of them)  to the host: VINF_SUCCESS
Feb 17 00:06:20 kali kernel: 05:06:20.744861 X11 events  received X11 event (89)
Feb 17 00:06:20 kali kernel: 05:06:20.745570 X11 events  RRScreenChangeNotify event received
Feb 17 00:06:20 kali kernel: 05:06:20.746347 X11 events  Monitor 0 (w,h)=(1000,910) (x,y)=(0,0)
Feb 17 00:06:20 kali kernel: 05:06:20.747222 X11 events  Sending monitor positions (8 of them)  to the host: VINF_SUCCESS
Feb 17 00:06:20 kali kernel: 05:06:20.748150 X11 events  received X11 event (89)
Feb 17 00:06:20 kali kernel: 05:06:20.748739 X11 events  RRScreenChangeNotify event received
Feb 17 00:06:20 kali kernel: 05:06:20.749379 X11 events  Monitor 0 (w,h)=(1000,910) (x,y)=(0,0)
Feb 17 00:06:20 kali kernel: 05:06:20.750214 X11 events  Sending monitor positions (8 of them)  to the host: VINF_SUCCESS
Feb 17 00:06:20 kali kernel: 05:06:20.750308 X11 events  received X11 event (89)
Feb 17 00:06:20 kali kernel: 05:06:20.750365 X11 events  RRScreenChangeNotify event received
Feb 17 00:06:20 kali kernel: 05:06:20.751637 X11 events  Monitor 0 (w,h)=(1000,910) (x,y)=(0,0)
Feb 17 00:06:20 kali kernel: 05:06:20.752388 X11 events  Sending monitor positions (8 of them)  to the host: VINF_SUCCESS
Feb 17 00:06:20 kali kernel: 05:06:20.753259 X11 events  received X11 event (89)
Feb 17 00:06:20 kali kernel: 05:06:20.753819 X11 events  RRScreenChangeNotify event received
Feb 17 00:06:20 kali kernel: 05:06:20.754649 X11 events  Monitor 0 (w,h)=(1000,910) (x,y)=(0,0)
Feb 17 00:06:20 kali kernel: 05:06:20.756033 X11 events  Sending monitor positions (8 of them)  to the host: VINF_SUCCESS
Feb 17 00:06:20 kali kernel: 05:06:20.756582 X11 events  received X11 event (89)
Feb 17 00:06:20 kali kernel: 05:06:20.757658 X11 events  RRScreenChangeNotify event received
Feb 17 00:06:20 kali kernel: 05:06:20.758314 X11 events  Monitor 0 (w,h)=(1000,910) (x,y)=(0,0)
Feb 17 00:06:20 kali kernel: 05:06:20.759134 X11 events  Sending monitor positions (8 of them)  to the host: VINF_SUCCESS
Feb 17 00:06:20 kali kernel: 05:06:20.760355 X11 events  received X11 event (89)
Feb 17 00:06:20 kali kernel: 05:06:20.760811 X11 events  RRScreenChangeNotify event received
Feb 17 00:06:20 kali kernel: 05:06:20.761645 X11 events  Monitor 0 (w,h)=(1000,910) (x,y)=(0,0)
Feb 17 00:06:20 kali kernel: 05:06:20.762436 X11 events  Sending monitor positions (8 of them)  to the host: VINF_SUCCESS
Feb 17 00:06:20 kali kernel: 05:06:20.763279 X11 events  received X11 event (89)
Feb 17 00:06:20 kali kernel: 05:06:20.764053 X11 events  RRScreenChangeNotify event received
Feb 17 00:06:20 kali kernel: 05:06:20.764786 X11 events  Monitor 0 (w,h)=(1000,910) (x,y)=(0,0)
Feb 17 00:06:20 kali kernel: 05:06:20.765645 X11 events  Sending monitor positions (8 of them)  to the host: VINF_SUCCESS
Feb 17 00:06:20 kali kernel: 05:06:20.767046 X11 events  received X11 event (89)
Feb 17 00:06:20 kali kernel: 05:06:20.768804 X11 events  RRScreenChangeNotify event received
Feb 17 00:06:20 kali kernel: 05:06:20.771948 X11 events  Monitor 0 (w,h)=(1000,910) (x,y)=(0,0)
Feb 17 00:06:20 kali kernel: 05:06:20.778038 X11 events  Sending monitor positions (8 of them)  to the host: VINF_SUCCESS
Feb 17 00:06:20 kali kernel: 05:06:20.780226 X11 events  received X11 event (89)
Feb 17 00:06:20 kali kernel: 05:06:20.782779 X11 events  RRScreenChangeNotify event received
Feb 17 00:06:20 kali kernel: 05:06:20.784780 X11 events  Monitor 0 (w,h)=(1000,910) (x,y)=(0,0)
Feb 17 00:06:20 kali kernel: 05:06:20.787308 X11 events  Sending monitor positions (8 of them)  to the host: VINF_SUCCESS
Feb 17 00:06:20 kali kernel: 05:06:20.789808 X11 events  received X11 event (89)
Feb 17 00:06:20 kali kernel: 05:06:20.792008 X11 events  RRScreenChangeNotify event received
Feb 17 00:06:20 kali kernel: 05:06:20.794882 X11 events  Monitor 0 (w,h)=(1000,910) (x,y)=(0,0)
Feb 17 00:06:20 kali kernel: 05:06:20.796461 X11 events  Sending monitor positions (8 of them)  to the host: VINF_SUCCESS
Feb 17 00:06:20 kali kernel: 05:06:20.797208 X11 events  received X11 event (89)
Feb 17 00:06:20 kali kernel: 05:06:20.797308 X11 events  RRScreenChangeNotify event received
Feb 17 00:06:20 kali kernel: 05:06:20.806423 X11 events  Monitor 0 (w,h)=(1000,910) (x,y)=(0,0)
Feb 17 00:06:20 kali kernel: 05:06:20.811249 X11 events  Sending monitor positions (8 of them)  to the host: VINF_SUCCESS
Feb 17 00:06:20 kali kernel: 05:06:20.811380 X11 events  received X11 event (89)
Feb 17 00:06:20 kali kernel: 05:06:20.811444 X11 events  RRScreenChangeNotify event received
Feb 17 00:06:20 kali kernel: 05:06:20.814693 X11 events  Monitor 0 (w,h)=(1000,910) (x,y)=(0,0)
Feb 17 00:06:20 kali kernel: 05:06:20.815014 X11 events  Sending monitor positions (8 of them)  to the host: VINF_SUCCESS
Feb 17 00:06:20 kali kernel: 05:06:20.823533 X11 events  received X11 event (89)
Feb 17 00:06:20 kali kernel: 05:06:20.826007 X11 events  RRScreenChangeNotify event received
Feb 17 00:06:20 kali kernel: 05:06:20.836634 X11 events  Monitor 0 (w,h)=(1000,910) (x,y)=(0,0)
Feb 17 00:06:20 kali kernel: 05:06:20.837632 X11 events  Sending monitor positions (8 of them)  to the host: VINF_SUCCESS
Feb 17 00:06:20 kali kernel: 05:06:20.843496 X11 events  received X11 event (89)
Feb 17 00:06:20 kali kernel: 05:06:20.846003 X11 events  RRScreenChangeNotify event received
Feb 17 00:06:20 kali kernel: 05:06:20.850305 X11 events  Monitor 0 (w,h)=(1000,910) (x,y)=(0,0)
Feb 17 00:06:20 kali kernel: 05:06:20.853827 X11 events  Sending monitor positions (8 of them)  to the host: VINF_SUCCESS
Feb 17 00:06:20 kali kernel: 05:06:20.858456 X11 events  received X11 event (89)
Feb 17 00:06:20 kali kernel: 05:06:20.860465 X11 events  RRScreenChangeNotify event received
Feb 17 00:06:20 kali kernel: 05:06:20.863627 X11 events  Monitor 0 (w,h)=(1000,910) (x,y)=(0,0)
Feb 17 00:06:20 kali kernel: 05:06:20.865661 X11 events  Sending monitor positions (8 of them)  to the host: VINF_SUCCESS
Feb 17 00:06:20 kali kernel: 05:06:20.868930 X11 events  received X11 event (89)
Feb 17 00:06:20 kali kernel: 05:06:20.871137 X11 events  RRScreenChangeNotify event received
Feb 17 00:06:20 kali kernel: 05:06:20.873533 X11 events  Monitor 0 (w,h)=(1000,910) (x,y)=(0,0)
Feb 17 00:06:20 kali kernel: 05:06:20.877202 X11 events  Sending monitor positions (8 of them)  to the host: VINF_SUCCESS
Feb 17 00:06:20 kali kernel: 05:06:20.879844 X11 events  received X11 event (89)
Feb 17 00:06:20 kali kernel: 05:06:20.879961 X11 events  RRScreenChangeNotify event received
Feb 17 00:06:20 kali kernel: 05:06:20.883130 X11 events  Monitor 0 (w,h)=(1000,910) (x,y)=(0,0)
Feb 17 00:06:20 kali kernel: 05:06:20.883274 X11 events  Sending monitor positions (8 of them)  to the host: VINF_SUCCESS
Feb 17 00:06:20 kali kernel: 05:06:20.883361 X11 events  received X11 event (89)
Feb 17 00:06:20 kali kernel: 05:06:20.883420 X11 events  RRScreenChangeNotify event received
Feb 17 00:06:20 kali kernel: 05:06:20.887831 X11 events  Monitor 0 (w,h)=(1000,910) (x,y)=(0,0)
Feb 17 00:06:20 kali kernel: 05:06:20.887979 X11 events  Sending monitor positions (8 of them)  to the host: VINF_SUCCESS
Feb 17 00:06:20 kali kernel: 05:06:20.888078 X11 events  received X11 event (89)
Feb 17 00:06:20 kali kernel: 05:06:20.888153 X11 events  RRScreenChangeNotify event received
Feb 17 00:06:20 kali kernel: 05:06:20.892568 X11 events  Monitor 0 (w,h)=(1000,910) (x,y)=(0,0)
Feb 17 00:06:20 kali kernel: 05:06:20.892735 X11 events  Sending monitor positions (8 of them)  to the host: VINF_SUCCESS
Feb 17 00:06:20 kali kernel: 05:06:20.892825 X11 events  received X11 event (89)
Feb 17 00:06:20 kali kernel: 05:06:20.892883 X11 events  RRScreenChangeNotify event received
Feb 17 00:06:20 kali kernel: 05:06:20.900376 X11 events  Monitor 0 (w,h)=(1000,910) (x,y)=(0,0)
Feb 17 00:06:20 kali kernel: 05:06:20.900652 X11 events  Sending monitor positions (8 of them)  to the host: VINF_SUCCESS
Feb 17 00:06:20 kali kernel: 05:06:20.901979 X11 events  received X11 event (89)
Feb 17 00:06:20 kali kernel: 05:06:20.902094 X11 events  RRScreenChangeNotify event received
Feb 17 00:06:20 kali kernel: 05:06:20.904664 X11 events  Monitor 0 (w,h)=(1000,910) (x,y)=(0,0)
Feb 17 00:06:20 kali kernel: 05:06:20.906338 X11 events  Sending monitor positions (8 of them)  to the host: VINF_SUCCESS
Feb 17 00:06:20 kali kernel: 05:06:20.906466 X11 events  received X11 event (89)
Feb 17 00:06:20 kali kernel: 05:06:20.906528 X11 events  RRScreenChangeNotify event received
Feb 17 00:06:20 kali kernel: 05:06:20.911160 X11 events  Monitor 0 (w,h)=(1000,910) (x,y)=(0,0)
Feb 17 00:06:20 kali kernel: 05:06:20.911309 X11 events  Sending monitor positions (8 of them)  to the host: VINF_SUCCESS
Feb 17 00:06:20 kali kernel: 05:06:20.911395 X11 events  received X11 event (89)
Feb 17 00:06:20 kali kernel: 05:06:20.911477 X11 events  RRScreenChangeNotify event received
Feb 17 00:06:20 kali kernel: 05:06:20.917111 X11 events  Monitor 0 (w,h)=(1000,910) (x,y)=(0,0)
Feb 17 00:06:20 kali kernel: 05:06:20.917256 X11 events  Sending monitor positions (8 of them)  to the host: VINF_SUCCESS
Feb 17 00:06:20 kali kernel: 05:06:20.919960 X11 events  received X11 event (89)
Feb 17 00:06:20 kali kernel: 05:06:20.921907 X11 events  RRScreenChangeNotify event received
Feb 17 00:06:20 kali kernel: 05:06:20.925117 X11 events  Monitor 0 (w,h)=(1000,910) (x,y)=(0,0)
Feb 17 00:06:20 kali kernel: 05:06:20.926919 X11 events  Sending monitor positions (8 of them)  to the host: VINF_SUCCESS
Feb 17 00:06:20 kali kernel: 05:06:20.929080 X11 events  received X11 event (89)
Feb 17 00:06:20 kali kernel: 05:06:20.930720 X11 events  RRScreenChangeNotify event received
Feb 17 00:06:20 kali kernel: 05:06:20.933287 X11 events  Monitor 0 (w,h)=(1000,910) (x,y)=(0,0)
Feb 17 00:06:20 kali kernel: 05:06:20.935023 X11 events  Sending monitor positions (8 of them)  to the host: VINF_SUCCESS
Feb 17 00:06:20 kali kernel: 05:06:20.937274 X11 events  received X11 event (89)
Feb 17 00:06:20 kali kernel: 05:06:20.938656 X11 events  RRScreenChangeNotify event received
Feb 17 00:06:20 kali kernel: 05:06:20.940388 X11 events  Monitor 0 (w,h)=(1000,910) (x,y)=(0,0)
Feb 17 00:06:20 kali kernel: 05:06:20.942182 X11 events  Sending monitor positions (8 of them)  to the host: VINF_SUCCESS
Feb 17 00:06:20 kali kernel: 05:06:20.942319 X11 events  received X11 event (89)
Feb 17 00:06:20 kali kernel: 05:06:20.947458 X11 events  RRScreenChangeNotify event received
Feb 17 00:06:20 kali kernel: 05:06:20.951298 X11 events  Monitor 0 (w,h)=(1000,910) (x,y)=(0,0)
Feb 17 00:06:20 kali kernel: 05:06:20.952688 X11 events  Sending monitor positions (8 of them)  to the host: VINF_SUCCESS
Feb 17 00:06:20 kali kernel: 05:06:20.952798 X11 events  received X11 event (89)
Feb 17 00:06:20 kali kernel: 05:06:20.952858 X11 events  RRScreenChangeNotify event received
Feb 17 00:06:20 kali kernel: 05:06:20.954980 X11 events  Monitor 0 (w,h)=(1000,910) (x,y)=(0,0)
Feb 17 00:06:20 kali kernel: 05:06:20.955097 X11 events  Sending monitor positions (8 of them)  to the host: VINF_SUCCESS
Feb 17 00:06:20 kali kernel: 05:06:20.955179 X11 events  received X11 event (89)
Feb 17 00:06:20 kali kernel: 05:06:20.955236 X11 events  RRScreenChangeNotify event received
Feb 17 00:06:20 kali kernel: 05:06:20.958220 X11 events  Monitor 0 (w,h)=(1000,910) (x,y)=(0,0)
Feb 17 00:06:20 kali kernel: 05:06:20.958340 X11 events  Sending monitor positions (8 of them)  to the host: VINF_SUCCESS
Feb 17 00:06:20 kali kernel: 05:06:20.958423 X11 events  received X11 event (89)
Feb 17 00:06:20 kali kernel: 05:06:20.958480 X11 events  RRScreenChangeNotify event received
Feb 17 00:06:20 kali kernel: 05:06:20.960645 X11 events  Monitor 0 (w,h)=(1000,910) (x,y)=(0,0)
Feb 17 00:06:20 kali kernel: 05:06:20.962310 X11 events  Sending monitor positions (8 of them)  to the host: VINF_SUCCESS
Feb 17 00:06:20 kali kernel: 05:06:20.962410 X11 events  received X11 event (89)
Feb 17 00:06:20 kali kernel: 05:06:20.962469 X11 events  RRScreenChangeNotify event received
Feb 17 00:06:20 kali kernel: 05:06:20.965965 X11 events  Monitor 0 (w,h)=(1000,910) (x,y)=(0,0)
Feb 17 00:06:20 kali kernel: 05:06:20.967621 X11 events  Sending monitor positions (8 of them)  to the host: VINF_SUCCESS
Feb 17 00:06:20 kali kernel: 05:06:20.969584 X11 events  received X11 event (89)
Feb 17 00:06:20 kali kernel: 05:06:20.969665 X11 events  RRScreenChangeNotify event received
Feb 17 00:06:20 kali kernel: 05:06:20.971194 X11 events  Monitor 0 (w,h)=(1000,910) (x,y)=(0,0)
Feb 17 00:06:20 kali kernel: 05:06:20.973031 X11 events  Sending monitor positions (8 of them)  to the host: VINF_SUCCESS
Feb 17 00:06:20 kali kernel: 05:06:20.975803 X11 events  received X11 event (89)
Feb 17 00:06:20 kali kernel: 05:06:20.977051 X11 events  RRScreenChangeNotify event received
Feb 17 00:06:20 kali kernel: 05:06:20.978486 X11 events  Monitor 0 (w,h)=(1000,910) (x,y)=(0,0)
Feb 17 00:06:20 kali kernel: 05:06:20.980677 X11 events  Sending monitor positions (8 of them)  to the host: VINF_SUCCESS
Feb 17 00:06:23 kali kernel: 05:06:23.173169 dp-svga-x11  output[0] successfully configured
Feb 17 00:06:23 kali kernel: 05:06:23.240761 dp-svga-x11  output[0] successfully configured
Feb 17 00:06:23 kali kernel: 05:06:23.307736 dp-svga-x11  output[0] successfully configured
Feb 17 00:06:23 kali kernel: 05:06:23.392994 dp-svga-x11  output[0] successfully configured
Feb 17 00:06:23 kali kernel: 05:06:23.463673 dp-svga-x11  output[0] successfully configured
Feb 17 00:06:23 kali kernel: 05:06:23.484784 X11 events  received X11 event (89)
Feb 17 00:06:23 kali kernel: 05:06:23.486750 X11 events  RRScreenChangeNotify event received
Feb 17 00:06:23 kali kernel: 05:06:23.543427 dp-svga-x11  output[0] successfully configured
Feb 17 00:06:23 kali kernel: 05:06:23.633986 dp-svga-x11  output[0] successfully configured
Feb 17 00:06:23 kali kernel: 05:06:23.705006 dp-svga-x11  output[0] successfully configured
Feb 17 00:06:23 kali kernel: 05:06:23.792980 dp-svga-x11  output[0] successfully configured
Feb 17 00:06:23 kali kernel: 05:06:23.876665 dp-svga-x11  output[0] successfully configured
Feb 17 00:06:23 kali kernel: 05:06:23.942963 dp-svga-x11  output[0] successfully configured
Feb 17 00:06:23 kali kernel: 05:06:23.953808 X11 events  Monitor 0 (w,h)=(1231,910) (x,y)=(0,0)
Feb 17 00:06:23 kali kernel: 05:06:23.954212 X11 events  Sending monitor positions (8 of them)  to the host: VINF_SUCCESS
Feb 17 00:06:23 kali kernel: 05:06:23.966726 X11 events  received X11 event (89)
Feb 17 00:06:23 kali kernel: 05:06:23.966927 X11 events  RRScreenChangeNotify event received
Feb 17 00:06:23 kali kernel: 05:06:23.977064 X11 events  Monitor 0 (w,h)=(1231,910) (x,y)=(0,0)
Feb 17 00:06:23 kali kernel: 05:06:23.977820 X11 events  Sending monitor positions (8 of them)  to the host: VINF_SUCCESS
Feb 17 00:06:23 kali kernel: 05:06:23.978028 X11 events  received X11 event (89)
Feb 17 00:06:23 kali kernel: 05:06:23.978103 X11 events  RRScreenChangeNotify event received
Feb 17 00:06:24 kali kernel: 05:06:24.035910 dp-svga-x11  output[0] successfully configured
Feb 17 00:06:24 kali kernel: 05:06:24.043485 X11 events  Monitor 0 (w,h)=(1230,910) (x,y)=(0,0)
Feb 17 00:06:24 kali kernel: 05:06:24.043629 X11 events  Sending monitor positions (8 of them)  to the host: VINF_SUCCESS
Feb 17 00:06:24 kali kernel: 05:06:24.043731 X11 events  received X11 event (89)
Feb 17 00:06:24 kali kernel: 05:06:24.043834 X11 events  RRScreenChangeNotify event received
Feb 17 00:06:24 kali kernel: 05:06:24.063437 X11 events  Monitor 0 (w,h)=(1230,910) (x,y)=(0,0)
Feb 17 00:06:24 kali kernel: 05:06:24.067898 X11 events  Sending monitor positions (8 of them)  to the host: VINF_SUCCESS
Feb 17 00:06:24 kali kernel: 05:06:24.068106 X11 events  received X11 event (89)
Feb 17 00:06:24 kali kernel: 05:06:24.068190 X11 events  RRScreenChangeNotify event received
Feb 17 00:06:24 kali kernel: 05:06:24.075204 X11 events  Monitor 0 (w,h)=(1230,910) (x,y)=(0,0)
Feb 17 00:06:24 kali kernel: 05:06:24.075348 X11 events  Sending monitor positions (8 of them)  to the host: VINF_SUCCESS
Feb 17 00:06:24 kali kernel: 05:06:24.075435 X11 events  received X11 event (89)
Feb 17 00:06:24 kali kernel: 05:06:24.075492 X11 events  RRScreenChangeNotify event received
Feb 17 00:06:24 kali kernel: 05:06:24.079466 X11 events  Monitor 0 (w,h)=(1230,910) (x,y)=(0,0)
Feb 17 00:06:24 kali kernel: 05:06:24.079752 X11 events  Sending monitor positions (8 of them)  to the host: VINF_SUCCESS
Feb 17 00:06:24 kali kernel: 05:06:24.079883 X11 events  received X11 event (89)
Feb 17 00:06:24 kali kernel: 05:06:24.079964 X11 events  RRScreenChangeNotify event received
Feb 17 00:06:24 kali kernel: 05:06:24.091837 X11 events  Monitor 0 (w,h)=(1230,910) (x,y)=(0,0)
Feb 17 00:06:24 kali kernel: 05:06:24.092093 X11 events  Sending monitor positions (8 of them)  to the host: VINF_SUCCESS
Feb 17 00:06:24 kali kernel: 05:06:24.092217 X11 events  received X11 event (89)
Feb 17 00:06:24 kali kernel: 05:06:24.092326 X11 events  RRScreenChangeNotify event received
Feb 17 00:06:24 kali kernel: 05:06:24.101393 X11 events  Monitor 0 (w,h)=(1230,910) (x,y)=(0,0)
Feb 17 00:06:24 kali kernel: 05:06:24.119937 X11 events  Sending monitor positions (8 of them)  to the host: VINF_SUCCESS
Feb 17 00:06:24 kali kernel: 05:06:24.129621 X11 events  received X11 event (89)
Feb 17 00:06:24 kali kernel: 05:06:24.137369 X11 events  RRScreenChangeNotify event received
Feb 17 00:06:24 kali kernel: 05:06:24.162058 X11 events  Monitor 0 (w,h)=(1230,910) (x,y)=(0,0)
Feb 17 00:06:24 kali kernel: 05:06:24.162369 X11 events  Sending monitor positions (8 of them)  to the host: VINF_SUCCESS
Feb 17 00:06:24 kali kernel: 05:06:24.169155 X11 events  received X11 event (89)
Feb 17 00:06:24 kali kernel: 05:06:24.169297 X11 events  RRScreenChangeNotify event received
Feb 17 00:06:24 kali kernel: 05:06:24.170910 X11 events  Monitor 0 (w,h)=(1230,910) (x,y)=(0,0)
Feb 17 00:06:24 kali kernel: 05:06:24.171165 X11 events  Sending monitor positions (8 of them)  to the host: VINF_SUCCESS
Feb 17 00:06:24 kali kernel: 05:06:24.172092 X11 events  received X11 event (89)
Feb 17 00:06:24 kali kernel: 05:06:24.172207 X11 events  RRScreenChangeNotify event received
Feb 17 00:06:24 kali kernel: 05:06:24.195808 X11 events  Monitor 0 (w,h)=(1230,910) (x,y)=(0,0)
Feb 17 00:06:24 kali kernel: 05:06:24.196678 X11 events  Sending monitor positions (8 of them)  to the host: VINF_SUCCESS
Feb 17 00:06:24 kali kernel: 05:06:24.196791 X11 events  received X11 event (89)
Feb 17 00:06:24 kali kernel: 05:06:24.196852 X11 events  RRScreenChangeNotify event received
Feb 17 00:06:24 kali kernel: 05:06:24.197812 X11 events  Monitor 0 (w,h)=(1230,910) (x,y)=(0,0)
Feb 17 00:06:24 kali kernel: 05:06:24.197943 X11 events  Sending monitor positions (8 of them)  to the host: VINF_SUCCESS
Feb 17 00:06:24 kali kernel: 05:06:24.198029 X11 events  received X11 event (89)
Feb 17 00:06:24 kali kernel: 05:06:24.198905 X11 events  RRScreenChangeNotify event received
Feb 17 00:06:24 kali kernel: 05:06:24.200075 X11 events  Monitor 0 (w,h)=(1230,910) (x,y)=(0,0)
Feb 17 00:06:24 kali kernel: 05:06:24.200220 X11 events  Sending monitor positions (8 of them)  to the host: VINF_SUCCESS
Feb 17 00:06:24 kali kernel: 05:06:24.200306 X11 events  received X11 event (89)
Feb 17 00:06:24 kali kernel: 05:06:24.200384 X11 events  RRScreenChangeNotify event received
Feb 17 00:06:24 kali kernel: 05:06:24.220435 X11 events  Monitor 0 (w,h)=(1230,910) (x,y)=(0,0)
Feb 17 00:06:24 kali kernel: 05:06:24.229490 X11 events  Sending monitor positions (8 of them)  to the host: VINF_SUCCESS
Feb 17 00:06:24 kali kernel: 05:06:24.229627 X11 events  received X11 event (89)
Feb 17 00:06:24 kali kernel: 05:06:24.229689 X11 events  RRScreenChangeNotify event received
Feb 17 00:06:24 kali kernel: 05:06:24.254645 X11 events  Monitor 0 (w,h)=(1230,910) (x,y)=(0,0)
Feb 17 00:06:24 kali kernel: 05:06:24.254811 X11 events  Sending monitor positions (8 of them)  to the host: VINF_SUCCESS
Feb 17 00:06:24 kali kernel: 05:06:24.254914 X11 events  received X11 event (89)
Feb 17 00:06:24 kali kernel: 05:06:24.256949 X11 events  RRScreenChangeNotify event received
Feb 17 00:06:24 kali kernel: 05:06:24.272946 X11 events  Monitor 0 (w,h)=(1230,910) (x,y)=(0,0)
Feb 17 00:06:24 kali kernel: 05:06:24.278577 X11 events  Sending monitor positions (8 of them)  to the host: VINF_SUCCESS
Feb 17 00:06:24 kali kernel: 05:06:24.282658 X11 events  received X11 event (89)
Feb 17 00:06:24 kali kernel: 05:06:24.283173 X11 events  RRScreenChangeNotify event received
Feb 17 00:06:24 kali kernel: 05:06:24.288133 X11 events  Monitor 0 (w,h)=(1230,910) (x,y)=(0,0)
Feb 17 00:06:24 kali kernel: 05:06:24.293195 X11 events  Sending monitor positions (8 of them)  to the host: VINF_SUCCESS
Feb 17 00:06:24 kali kernel: 05:06:24.303134 X11 events  received X11 event (89)
Feb 17 00:06:24 kali kernel: 05:06:24.322170 X11 events  RRScreenChangeNotify event received
Feb 17 00:06:24 kali kernel: 05:06:24.324721 X11 events  Monitor 0 (w,h)=(1230,910) (x,y)=(0,0)
Feb 17 00:06:24 kali kernel: 05:06:24.331918 X11 events  Sending monitor positions (8 of them)  to the host: VINF_SUCCESS
Feb 17 00:06:24 kali kernel: 05:06:24.341948 X11 events  received X11 event (89)
Feb 17 00:06:24 kali kernel: 05:06:24.342091 X11 events  RRScreenChangeNotify event received
Feb 17 00:06:24 kali kernel: 05:06:24.347694 X11 events  Monitor 0 (w,h)=(1230,910) (x,y)=(0,0)
Feb 17 00:06:24 kali kernel: 05:06:24.353350 X11 events  Sending monitor positions (8 of them)  to the host: VINF_SUCCESS
Feb 17 00:06:24 kali kernel: 05:06:24.357553 X11 events  received X11 event (89)
Feb 17 00:06:24 kali kernel: 05:06:24.364281 X11 events  RRScreenChangeNotify event received
Feb 17 00:06:24 kali kernel: 05:06:24.372908 X11 events  Monitor 0 (w,h)=(1230,910) (x,y)=(0,0)
Feb 17 00:06:24 kali kernel: 05:06:24.373172 X11 events  Sending monitor positions (8 of them)  to the host: VINF_SUCCESS
Feb 17 00:06:24 kali kernel: 05:06:24.373407 X11 events  received X11 event (89)
Feb 17 00:06:24 kali kernel: 05:06:24.373543 X11 events  RRScreenChangeNotify event received
Feb 17 00:06:24 kali kernel: 05:06:24.383660 X11 events  Monitor 0 (w,h)=(1230,910) (x,y)=(0,0)
Feb 17 00:06:24 kali kernel: 05:06:24.383830 X11 events  Sending monitor positions (8 of them)  to the host: VINF_SUCCESS
Feb 17 00:06:24 kali kernel: 05:06:24.383920 X11 events  received X11 event (89)
Feb 17 00:06:24 kali kernel: 05:06:24.383981 X11 events  RRScreenChangeNotify event received
Feb 17 00:06:24 kali kernel: 05:06:24.388246 X11 events  Monitor 0 (w,h)=(1230,910) (x,y)=(0,0)
Feb 17 00:06:24 kali kernel: 05:06:24.394293 X11 events  Sending monitor positions (8 of them)  to the host: VINF_SUCCESS
Feb 17 00:06:24 kali kernel: 05:06:24.394508 X11 events  received X11 event (89)
Feb 17 00:06:24 kali kernel: 05:06:24.394573 X11 events  RRScreenChangeNotify event received
Feb 17 00:06:24 kali kernel: 05:06:24.397525 X11 events  Monitor 0 (w,h)=(1230,910) (x,y)=(0,0)
Feb 17 00:06:24 kali kernel: 05:06:24.403183 X11 events  Sending monitor positions (8 of them)  to the host: VINF_SUCCESS
Feb 17 00:06:24 kali kernel: 05:06:24.403390 X11 events  received X11 event (89)
Feb 17 00:06:24 kali kernel: 05:06:24.403462 X11 events  RRScreenChangeNotify event received
Feb 17 00:06:24 kali kernel: 05:06:24.408061 X11 events  Monitor 0 (w,h)=(1230,910) (x,y)=(0,0)
Feb 17 00:06:24 kali kernel: 05:06:24.408199 X11 events  Sending monitor positions (8 of them)  to the host: VINF_SUCCESS
Feb 17 00:06:24 kali kernel: 05:06:24.408285 X11 events  received X11 event (89)
Feb 17 00:06:24 kali kernel: 05:06:24.408344 X11 events  RRScreenChangeNotify event received
Feb 17 00:06:24 kali kernel: 05:06:24.413049 X11 events  Monitor 0 (w,h)=(1230,910) (x,y)=(0,0)
Feb 17 00:06:24 kali kernel: 05:06:24.413302 X11 events  Sending monitor positions (8 of them)  to the host: VINF_SUCCESS
Feb 17 00:06:24 kali kernel: 05:06:24.413389 X11 events  received X11 event (89)
Feb 17 00:06:24 kali kernel: 05:06:24.413448 X11 events  RRScreenChangeNotify event received
Feb 17 00:06:24 kali kernel: 05:06:24.418382 X11 events  Monitor 0 (w,h)=(1230,910) (x,y)=(0,0)
Feb 17 00:06:24 kali kernel: 05:06:24.418593 X11 events  Sending monitor positions (8 of them)  to the host: VINF_SUCCESS
Feb 17 00:06:24 kali kernel: 05:06:24.418679 X11 events  received X11 event (89)
Feb 17 00:06:24 kali kernel: 05:06:24.418737 X11 events  RRScreenChangeNotify event received
Feb 17 00:06:24 kali kernel: 05:06:24.423397 X11 events  Monitor 0 (w,h)=(1230,910) (x,y)=(0,0)
Feb 17 00:06:24 kali kernel: 05:06:24.425039 X11 events  Sending monitor positions (8 of them)  to the host: VINF_SUCCESS
Feb 17 00:06:24 kali kernel: 05:06:24.425131 X11 events  received X11 event (89)
Feb 17 00:06:24 kali kernel: 05:06:24.425189 X11 events  RRScreenChangeNotify event received
Feb 17 00:06:24 kali kernel: 05:06:24.429928 X11 events  Monitor 0 (w,h)=(1230,910) (x,y)=(0,0)
Feb 17 00:06:24 kali kernel: 05:06:24.431591 X11 events  Sending monitor positions (8 of them)  to the host: VINF_SUCCESS
Feb 17 00:06:24 kali kernel: 05:06:24.431712 X11 events  received X11 event (89)
Feb 17 00:06:24 kali kernel: 05:06:24.431780 X11 events  RRScreenChangeNotify event received
Feb 17 00:06:24 kali kernel: 05:06:24.435624 X11 events  Monitor 0 (w,h)=(1230,910) (x,y)=(0,0)
Feb 17 00:06:24 kali kernel: 05:06:24.435828 X11 events  Sending monitor positions (8 of them)  to the host: VINF_SUCCESS
Feb 17 00:06:24 kali kernel: 05:06:24.435916 X11 events  received X11 event (89)
Feb 17 00:06:24 kali kernel: 05:06:24.435975 X11 events  RRScreenChangeNotify event received
Feb 17 00:06:24 kali kernel: 05:06:24.439973 X11 events  Monitor 0 (w,h)=(1230,910) (x,y)=(0,0)
Feb 17 00:06:24 kali kernel: 05:06:24.440117 X11 events  Sending monitor positions (8 of them)  to the host: VINF_SUCCESS
Feb 17 00:06:24 kali kernel: 05:06:24.440202 X11 events  received X11 event (89)
Feb 17 00:06:24 kali kernel: 05:06:24.440260 X11 events  RRScreenChangeNotify event received
Feb 17 00:06:24 kali kernel: 05:06:24.440805 X11 events  Monitor 0 (w,h)=(1230,910) (x,y)=(0,0)
Feb 17 00:06:24 kali kernel: 05:06:24.440931 X11 events  Sending monitor positions (8 of them)  to the host: VINF_SUCCESS
Feb 17 00:06:24 kali kernel: 05:06:24.445383 X11 events  received X11 event (89)
Feb 17 00:06:24 kali kernel: 05:06:24.445543 X11 events  RRScreenChangeNotify event received
Feb 17 00:06:24 kali kernel: 05:06:24.446830 X11 events  Monitor 0 (w,h)=(1230,910) (x,y)=(0,0)
Feb 17 00:06:24 kali kernel: 05:06:24.451421 X11 events  Sending monitor positions (8 of them)  to the host: VINF_SUCCESS
Feb 17 00:06:24 kali kernel: 05:06:24.451665 X11 events  received X11 event (89)
Feb 17 00:06:24 kali kernel: 05:06:24.451780 X11 events  RRScreenChangeNotify event received
Feb 17 00:06:24 kali kernel: 05:06:24.457371 X11 events  Monitor 0 (w,h)=(1230,910) (x,y)=(0,0)
Feb 17 00:06:24 kali kernel: 05:06:24.457519 X11 events  Sending monitor positions (8 of them)  to the host: VINF_SUCCESS
Feb 17 00:06:24 kali kernel: 05:06:24.457616 X11 events  received X11 event (89)
Feb 17 00:06:24 kali kernel: 05:06:24.457681 X11 events  RRScreenChangeNotify event received
Feb 17 00:06:24 kali kernel: 05:06:24.458920 X11 events  Monitor 0 (w,h)=(1230,910) (x,y)=(0,0)
Feb 17 00:06:24 kali kernel: 05:06:24.460376 X11 events  Sending monitor positions (8 of them)  to the host: VINF_SUCCESS
Feb 17 00:06:24 kali kernel: 05:06:24.460550 X11 events  received X11 event (89)
Feb 17 00:06:24 kali kernel: 05:06:24.460616 X11 events  RRScreenChangeNotify event received
Feb 17 00:06:24 kali kernel: 05:06:24.465834 X11 events  Monitor 0 (w,h)=(1230,910) (x,y)=(0,0)
Feb 17 00:06:24 kali kernel: 05:06:24.472369 X11 events  Sending monitor positions (8 of them)  to the host: VINF_SUCCESS
Feb 17 00:06:24 kali kernel: 05:06:24.472503 X11 events  received X11 event (89)
Feb 17 00:06:24 kali kernel: 05:06:24.472564 X11 events  RRScreenChangeNotify event received
Feb 17 00:06:24 kali kernel: 05:06:24.473288 X11 events  Monitor 0 (w,h)=(1230,910) (x,y)=(0,0)
Feb 17 00:06:24 kali kernel: 05:06:24.473423 X11 events  Sending monitor positions (8 of them)  to the host: VINF_SUCCESS
Feb 17 00:06:24 kali kernel: 05:06:24.473510 X11 events  received X11 event (89)
Feb 17 00:06:24 kali kernel: 05:06:24.473581 X11 events  RRScreenChangeNotify event received
Feb 17 00:06:24 kali kernel: 05:06:24.474697 X11 events  Monitor 0 (w,h)=(1230,910) (x,y)=(0,0)
Feb 17 00:06:24 kali kernel: 05:06:24.474826 X11 events  Sending monitor positions (8 of them)  to the host: VINF_SUCCESS
Feb 17 00:06:24 kali kernel: 05:06:24.474911 X11 events  received X11 event (89)
Feb 17 00:06:24 kali kernel: 05:06:24.474994 X11 events  RRScreenChangeNotify event received
Feb 17 00:06:24 kali kernel: 05:06:24.477842 X11 events  Monitor 0 (w,h)=(1230,910) (x,y)=(0,0)
Feb 17 00:06:24 kali kernel: 05:06:24.478274 X11 events  Sending monitor positions (8 of them)  to the host: VINF_SUCCESS
Feb 17 00:06:24 kali kernel: 05:06:24.478461 X11 events  received X11 event (89)
Feb 17 00:06:24 kali kernel: 05:06:24.478853 X11 events  RRScreenChangeNotify event received
Feb 17 00:06:24 kali kernel: 05:06:24.484105 X11 events  Monitor 0 (w,h)=(1230,910) (x,y)=(0,0)
Feb 17 00:06:24 kali kernel: 05:06:24.484729 X11 events  Sending monitor positions (8 of them)  to the host: VINF_SUCCESS
Feb 17 00:06:24 kali kernel: 05:06:24.484840 X11 events  received X11 event (89)
Feb 17 00:06:24 kali kernel: 05:06:24.484900 X11 events  RRScreenChangeNotify event received
Feb 17 00:06:24 kali kernel: 05:06:24.487198 X11 events  Monitor 0 (w,h)=(1230,910) (x,y)=(0,0)
Feb 17 00:06:24 kali kernel: 05:06:24.487412 X11 events  Sending monitor positions (8 of them)  to the host: VINF_SUCCESS
Feb 17 00:06:24 kali kernel: 05:06:24.487518 X11 events  received X11 event (89)
Feb 17 00:06:24 kali kernel: 05:06:24.487578 X11 events  RRScreenChangeNotify event received
Feb 17 00:06:24 kali kernel: 05:06:24.489193 X11 events  Monitor 0 (w,h)=(1230,910) (x,y)=(0,0)
Feb 17 00:06:24 kali kernel: 05:06:24.489668 X11 events  Sending monitor positions (8 of them)  to the host: VINF_SUCCESS
Feb 17 00:06:24 kali kernel: 05:06:24.489762 X11 events  received X11 event (89)
Feb 17 00:06:24 kali kernel: 05:06:24.489820 X11 events  RRScreenChangeNotify event received
Feb 17 00:06:24 kali kernel: 05:06:24.496603 X11 events  Monitor 0 (w,h)=(1230,910) (x,y)=(0,0)
Feb 17 00:06:24 kali kernel: 05:06:24.498722 X11 events  Sending monitor positions (8 of them)  to the host: VINF_SUCCESS
Feb 17 00:06:24 kali kernel: 05:06:24.500499 X11 events  received X11 event (89)
Feb 17 00:06:24 kali kernel: 05:06:24.501725 X11 events  RRScreenChangeNotify event received
Feb 17 00:06:24 kali kernel: 05:06:24.502445 X11 events  Monitor 0 (w,h)=(1230,910) (x,y)=(0,0)
Feb 17 00:06:24 kali kernel: 05:06:24.503469 X11 events  Sending monitor positions (8 of them)  to the host: VINF_SUCCESS
Feb 17 00:06:24 kali kernel: 05:06:24.504724 X11 events  received X11 event (89)
Feb 17 00:06:24 kali kernel: 05:06:24.506549 X11 events  RRScreenChangeNotify event received
Feb 17 00:06:24 kali kernel: 05:06:24.508704 X11 events  Monitor 0 (w,h)=(1230,910) (x,y)=(0,0)
Feb 17 00:06:24 kali kernel: 05:06:24.510903 X11 events  Sending monitor positions (8 of them)  to the host: VINF_SUCCESS
Feb 17 00:06:24 kali kernel: 05:06:24.512255 X11 events  received X11 event (89)
Feb 17 00:06:24 kali kernel: 05:06:24.512345 X11 events  RRScreenChangeNotify event received
Feb 17 00:06:24 kali kernel: 05:06:24.513290 X11 events  Monitor 0 (w,h)=(1230,910) (x,y)=(0,0)
Feb 17 00:06:24 kali kernel: 05:06:24.514279 X11 events  Sending monitor positions (8 of them)  to the host: VINF_SUCCESS
Feb 17 00:06:24 kali kernel: 05:06:24.514432 X11 events  received X11 event (89)
Feb 17 00:06:24 kali kernel: 05:06:24.514516 X11 events  RRScreenChangeNotify event received
Feb 17 00:06:24 kali kernel: 05:06:24.515239 X11 events  Monitor 0 (w,h)=(1230,910) (x,y)=(0,0)
Feb 17 00:06:24 kali kernel: 05:06:24.517122 X11 events  Sending monitor positions (8 of them)  to the host: VINF_SUCCESS
Feb 17 00:06:24 kali kernel: 05:06:24.517233 X11 events  received X11 event (89)
Feb 17 00:06:24 kali kernel: 05:06:24.518973 X11 events  RRScreenChangeNotify event received
Feb 17 00:06:24 kali kernel: 05:06:24.520434 X11 events  Monitor 0 (w,h)=(1230,910) (x,y)=(0,0)
Feb 17 00:06:24 kali kernel: 05:06:24.522376 X11 events  Sending monitor positions (8 of them)  to the host: VINF_SUCCESS
Feb 17 00:06:24 kali kernel: 05:06:24.523349 X11 events  received X11 event (89)
Feb 17 00:06:24 kali kernel: 05:06:24.524461 X11 events  RRScreenChangeNotify event received
Feb 17 00:06:24 kali kernel: 05:06:24.525773 X11 events  Monitor 0 (w,h)=(1230,910) (x,y)=(0,0)
Feb 17 00:06:24 kali kernel: 05:06:24.527041 X11 events  Sending monitor positions (8 of them)  to the host: VINF_SUCCESS
Feb 17 00:06:44 kali sudo[2394]:     kali : TTY=pts/0 ; PWD=/home/kali ; USER=root ; COMMAND=/usr/bin/apt update
Feb 17 00:06:44 kali sudo[2394]: pam_unix(sudo:session): session opened for user root(uid=0) by kali(uid=1000)
Feb 17 00:07:07 kali sudo[2394]: pam_unix(sudo:session): session closed for user root
Feb 17 00:07:47 kali sudo[3001]:     kali : TTY=pts/0 ; PWD=/home/kali ; USER=root ; COMMAND=/usr/bin/apt install tree -y
Feb 17 00:07:47 kali sudo[3001]: pam_unix(sudo:session): session opened for user root(uid=0) by kali(uid=1000)
Feb 17 00:07:55 kali sudo[3001]: pam_unix(sudo:session): session closed for user root
Feb 17 00:09:01 kali CRON[3638]: pam_unix(cron:session): session opened for user root(uid=0) by root(uid=0)
Feb 17 00:09:01 kali CRON[3640]: (root) CMD (  [ -x /usr/lib/php/sessionclean ] && if [ ! -d /run/systemd/system ]; then /usr/lib/php/sessionclean; fi)
Feb 17 00:09:01 kali CRON[3638]: pam_unix(cron:session): session closed for user root
Feb 17 00:09:01 kali systemd[1]: Starting phpsessionclean.service - Clean php session files...
Feb 17 00:09:01 kali systemd[1]: phpsessionclean.service: Deactivated successfully.
Feb 17 00:09:01 kali systemd[1]: Finished phpsessionclean.service - Clean php session files.
Feb 17 00:10:15 kali systemd[1047]: tumblerd.service: Consumed 1.194s CPU time, 124.9M memory peak.
Feb 17 00:14:00 kali gnome-keyring-daemon[1073]: couldn't initialize slot with master password: The password or PIN is incorrect
Feb 17 00:14:00 kali gnome-keyring-d[1073]: couldn't initialize slot with master password: The password or PIN is incorrect
Feb 17 00:14:00 kali xfce4-screensaver-dialog[6059]: gkr-pam: unlocked login keyring
Feb 17 00:14:00 kali xfce4-screensaver-dialog[6125]: pam_unix(xfce4-screensaver:account): setuid failed: Operation not permitted
Feb 17 00:15:01 kali CRON[6609]: pam_unix(cron:session): session opened for user root(uid=0) by root(uid=0)
Feb 17 00:15:01 kali CRON[6611]: (root) CMD (command -v debian-sa1 > /dev/null && debian-sa1 1 1)
Feb 17 00:15:01 kali CRON[6609]: pam_unix(cron:session): session closed for user root
Feb 17 00:16:06 kali kernel: 05:16:06.894128 SHCLX11   Shared Clipboard: Converting VBox formats 'BITMAP' to 'INVALID' for X11 (idxFmtX11=0, fmtX11=0, atomT
Feb 17 00:16:06 kali kernel: 05:16:06.904881 SHCLX11   Shared Clipboard: Converting VBox formats 'BITMAP' to 'INVALID' for X11 (idxFmtX11=0, fmtX11=0, atomT
Feb 17 00:16:46 kali dbus-daemon[799]: [system] Activating via systemd: service name='org.freedesktop.timedate1' unit='dbus-org.freedesktop.timedate1.service' requested by ':1.73' (uid=1000 pid=7452 comm="/usr/lib/firefox-esr/firefox-esr")
Feb 17 00:16:46 kali systemd[1]: Starting systemd-timedated.service - Time & Date Service...
Feb 17 00:16:46 kali systemd[1]: Started systemd-timedated.service - Time & Date Service.
Feb 17 00:16:46 kali dbus-daemon[799]: [system] Successfully activated service 'org.freedesktop.timedate1'
Feb 17 00:16:49 kali rtkit-daemon[959]: Supervising 6 threads of 3 processes of 1 users.
Feb 17 00:16:49 kali rtkit-daemon[959]: Supervising 6 threads of 3 processes of 1 users.
Feb 17 00:16:49 kali rtkit-daemon[959]: Supervising 6 threads of 3 processes of 1 users.
Feb 17 00:16:49 kali rtkit-daemon[959]: Supervising 6 threads of 3 processes of 1 users.
Feb 17 00:16:49 kali rtkit-daemon[959]: Successfully made thread 7613 of process 7452 owned by '1000' RT at priority 10.
Feb 17 00:16:49 kali rtkit-daemon[959]: Supervising 7 threads of 4 processes of 1 users.
Feb 17 00:16:49 kali rtkit-daemon[959]: Supervising 7 threads of 4 processes of 1 users.
Feb 17 00:16:49 kali rtkit-daemon[959]: Supervising 7 threads of 4 processes of 1 users.
Feb 17 00:16:55 kali rtkit-daemon[959]: Supervising 7 threads of 4 processes of 1 users.
Feb 17 00:16:55 kali rtkit-daemon[959]: Supervising 7 threads of 4 processes of 1 users.
Feb 17 00:16:57 kali rtkit-daemon[959]: Supervising 7 threads of 4 processes of 1 users.
Feb 17 00:16:57 kali rtkit-daemon[959]: Supervising 7 threads of 4 processes of 1 users.
Feb 17 00:16:58 kali rtkit-daemon[959]: Supervising 7 threads of 4 processes of 1 users.
Feb 17 00:16:58 kali rtkit-daemon[959]: Supervising 7 threads of 4 processes of 1 users.
Feb 17 00:16:58 kali rtkit-daemon[959]: Supervising 7 threads of 4 processes of 1 users.
Feb 17 00:16:58 kali rtkit-daemon[959]: Supervising 7 threads of 4 processes of 1 users.
Feb 17 00:16:59 kali rtkit-daemon[959]: Supervising 7 threads of 4 processes of 1 users.
Feb 17 00:16:59 kali rtkit-daemon[959]: Supervising 7 threads of 4 processes of 1 users.
Feb 17 00:17:00 kali rtkit-daemon[959]: Supervising 7 threads of 4 processes of 1 users.
Feb 17 00:17:00 kali rtkit-daemon[959]: Supervising 7 threads of 4 processes of 1 users.
Feb 17 00:17:01 kali CRON[7924]: pam_unix(cron:session): session opened for user root(uid=0) by root(uid=0)
Feb 17 00:17:01 kali CRON[7926]: (root) CMD (cd / && run-parts --report /etc/cron.hourly)
Feb 17 00:17:01 kali CRON[7924]: pam_unix(cron:session): session closed for user root
Feb 17 00:17:05 kali rtkit-daemon[959]: Supervising 7 threads of 4 processes of 1 users.
Feb 17 00:17:05 kali rtkit-daemon[959]: Supervising 7 threads of 4 processes of 1 users.
Feb 17 00:17:05 kali rtkit-daemon[959]: Supervising 7 threads of 4 processes of 1 users.
Feb 17 00:17:05 kali rtkit-daemon[959]: Supervising 7 threads of 4 processes of 1 users.
Feb 17 00:17:06 kali rtkit-daemon[959]: Supervising 7 threads of 4 processes of 1 users.
Feb 17 00:17:06 kali rtkit-daemon[959]: Supervising 7 threads of 4 processes of 1 users.
Feb 17 00:17:15 kali rtkit-daemon[959]: Supervising 7 threads of 4 processes of 1 users.
Feb 17 00:17:15 kali rtkit-daemon[959]: Supervising 7 threads of 4 processes of 1 users.
Feb 17 00:17:15 kali rtkit-daemon[959]: Successfully made thread 8169 of process 7765 owned by '1000' RT at priority 10.
Feb 17 00:17:15 kali rtkit-daemon[959]: Supervising 8 threads of 5 processes of 1 users.
Feb 17 00:17:16 kali rtkit-daemon[959]: Supervising 8 threads of 5 processes of 1 users.
Feb 17 00:17:16 kali rtkit-daemon[959]: Supervising 8 threads of 5 processes of 1 users.
Feb 17 00:17:16 kali systemd[1]: systemd-timedated.service: Deactivated successfully.
Feb 17 00:17:19 kali rtkit-daemon[959]: Supervising 7 threads of 4 processes of 1 users.
Feb 17 00:17:19 kali rtkit-daemon[959]: Supervising 7 threads of 4 processes of 1 users.
Feb 17 00:17:26 kali rtkit-daemon[959]: Supervising 7 threads of 4 processes of 1 users.
Feb 17 00:17:26 kali rtkit-daemon[959]: Supervising 7 threads of 4 processes of 1 users.
Feb 17 00:19:08 kali sudo[9196]:     kali : TTY=pts/0 ; PWD=/home/kali ; USER=root ; COMMAND=/usr/bin/cp /var/log/authlog /home/kali/project_logs/normal_authlog
Feb 17 00:19:08 kali sudo[9196]: pam_unix(sudo:session): session opened for user root(uid=0) by kali(uid=1000)
Feb 17 00:19:08 kali sudo[9196]: pam_unix(sudo:session): session closed for user root
Feb 17 00:19:20 kali kernel: 05:16:06.935218 SHCLX11   Shared Clipboard: Converting VBox formats 'BITMAP' to 'INVALID' for X11 (idxFmtX11=0, fmtX11=0, atomT
Feb 17 00:19:20 kali kernel: 05:19:20.090315 SHCLX11   Shared Clipboard: Converting VBox formats 'BITMAP' to 'INVALID' for X11 (idxFmtX11=0, fmtX11=0, atomT
Feb 17 00:19:20 kali kernel: 05:19:20.102662 SHCLX11   Shared Clipboard: Converting VBox formats 'BITMAP' to 'INVALID' for X11 (idxFmtX11=0, fmtX11=0, atomT
Feb 17 00:19:36 kali systemd[1]: Starting systemd-tmpfiles-clean.service - Cleanup of Temporary Directories...
Feb 17 00:19:36 kali systemd-tmpfiles[9524]: /usr/lib/tmpfiles.d/legacy.conf:14: Duplicate line for path "/run/lock", ignoring.
Feb 17 00:19:36 kali systemd[1]: systemd-tmpfiles-clean.service: Deactivated successfully.
Feb 17 00:19:36 kali systemd[1]: Finished systemd-tmpfiles-clean.service - Cleanup of Temporary Directories.
Feb 17 00:20:28 kali sudo[9973]:     kali : TTY=pts/0 ; PWD=/home/kali ; USER=root ; COMMAND=/usr/bin/cp /var/log/auth.log /home/kali/project_logs/normal_auth.log
Feb 17 00:20:28 kali sudo[9973]: pam_unix(sudo:session): session opened for user root(uid=0) by kali(uid=1000)
Feb 17 00:20:28 kali sudo[9973]: pam_unix(sudo:session): session closed for user root
Feb 17 00:20:42 kali kernel: 05:19:20.113886 SHCLX11   Shared Clipboard: Converting VBox formats 'BITMAP' to 'INVALID' for X11 (idxFmtX11=0, fmtX11=0, atomT
Feb 17 00:20:42 kali kernel: 05:20:42.760018 SHCLX11   Shared Clipboard: Converting VBox formats 'BITMAP' to 'INVALID' for X11 (idxFmtX11=0, fmtX11=0, atomT
Feb 17 00:20:42 kali kernel: 05:20:42.768709 SHCLX11   Shared Clipboard: Converting VBox formats 'BITMAP' to 'INVALID' for X11 (idxFmtX11=0, fmtX11=0, atomT
Feb 17 00:21:10 kali sudo[10342]:     kali : TTY=pts/0 ; PWD=/home/kali ; USER=root ; COMMAND=/usr/sbin/service ssh start
Feb 17 00:21:10 kali sudo[10342]: pam_unix(sudo:session): session opened for user root(uid=0) by kali(uid=1000)
Feb 17 00:21:11 kali systemd[1]: Starting ssh.service - OpenBSD Secure Shell server...
Feb 17 00:21:11 kali sshd[10370]: Server listening on 0.0.0.0 port 22.
Feb 17 00:21:11 kali sshd[10370]: Server listening on :: port 22.
Feb 17 00:21:11 kali systemd[1]: Started ssh.service - OpenBSD Secure Shell server.
Feb 17 00:21:11 kali sudo[10342]: pam_unix(sudo:session): session closed for user root
Feb 17 00:21:25 kali unix_chkpwd[10489]: password check failed for user (root)
Feb 17 00:21:25 kali su[10439]: pam_unix(su:auth): authentication failure; logname=kali uid=1000 euid=0 tty=/dev/pts/0 ruser=kali rhost=  user=root
Feb 17 00:21:25 kali su[10439]: pam_winbind(su:auth): getting password (0x00000388)
Feb 17 00:21:25 kali su[10439]: pam_winbind(su:auth): pam_get_item returned a password
Feb 17 00:21:25 kali su[10439]: pam_winbind(su:auth): request wbcLogonUser failed: WBC_ERR_WINBIND_NOT_AVAILABLE, PAM error: PAM_AUTHINFO_UNAVAIL (9)!
Feb 17 00:21:25 kali su[10439]: pam_winbind(su:auth): internal module error (retval = PAM_AUTHINFO_UNAVAIL(9), user = 'root')
Feb 17 00:21:27 kali su[10439]: FAILED SU (to root) kali on pts/0
Feb 17 00:21:53 kali kernel: 05:20:42.782354 SHCLX11   Shared Clipboard: Converting VBox formats 'BITMAP' to 'INVALID' for X11 (idxFmtX11=0, fmtX11=0, atomT
Feb 17 00:21:53 kali kernel: 05:21:53.577907 SHCLX11   Shared Clipboard: Converting VBox formats 'BITMAP' to 'INVALID' for X11 (idxFmtX11=0, fmtX11=0, atomT
Feb 17 00:21:53 kali kernel: 05:21:53.590068 SHCLX11   Shared Clipboard: Converting VBox formats 'BITMAP' to 'INVALID' for X11 (idxFmtX11=0, fmtX11=0, atomT
Feb 17 00:23:02 kali sudo[11359]:     kali : TTY=pts/0 ; PWD=/home/kali ; USER=root ; COMMAND=/usr/bin/journalctl _COMM=sshd
Feb 17 00:23:02 kali sudo[11359]: pam_unix(sudo:session): session opened for user root(uid=0) by kali(uid=1000)
Feb 17 00:23:02 kali sudo[11359]: pam_unix(sudo:session): session closed for user root
Feb 17 00:23:40 kali sudo[11716]:     kali : TTY=pts/0 ; PWD=/home/kali ; USER=root ; COMMAND=/usr/bin/journalctl
Feb 17 00:23:40 kali sudo[11716]: pam_unix(sudo:session): session opened for user root(uid=0) by kali(uid=1000)
Feb 17 00:23:40 kali sudo[11716]: pam_unix(sudo:session): session closed for user root
Feb 17 00:24:03 kali kernel: 05:21:53.612179 SHCLX11   Shared Clipboard: Converting VBox formats 'BITMAP' to 'INVALID' for X11 (idxFmtX11=0, fmtX11=0, atomT
Feb 17 00:24:03 kali kernel: 05:24:03.931174 SHCLX11   Shared Clipboard: Converting VBox formats 'BITMAP' to 'INVALID' for X11 (idxFmtX11=0, fmtX11=0, atomT
Feb 17 00:24:03 kali kernel: 05:24:03.942608 SHCLX11   Shared Clipboard: Converting VBox formats 'BITMAP' to 'INVALID' for X11 (idxFmtX11=0, fmtX11=0, atomT
Feb 17 00:25:01 kali CRON[12388]: pam_unix(cron:session): session opened for user root(uid=0) by root(uid=0)
Feb 17 00:25:01 kali CRON[12390]: (root) CMD (command -v debian-sa1 > /dev/null && debian-sa1 1 1)
Feb 17 00:25:01 kali CRON[12388]: pam_unix(cron:session): session closed for user root
Feb 17 00:27:33 kali kernel: 05:24:03.953210 SHCLX11   Shared Clipboard: Converting VBox formats 'BITMAP' to 'INVALID' for X11 (idxFmtX11=0, fmtX11=0, atomT
Feb 17 00:27:33 kali kernel: 05:27:33.236723 SHCLX11   Shared Clipboard: Converting VBox formats 'BITMAP' to 'INVALID' for X11 (idxFmtX11=0, fmtX11=0, atomT
Feb 17 00:27:33 kali kernel: 05:27:33.254948 SHCLX11   Shared Clipboard: Converting VBox formats 'BITMAP' to 'INVALID' for X11 (idxFmtX11=0, fmtX11=0, atomT
Feb 17 00:28:35 kali sudo[14126]:     kali : TTY=pts/0 ; PWD=/home/kali ; USER=root ; COMMAND=/usr/sbin/service ssh start
Feb 17 00:28:35 kali sudo[14126]: pam_unix(sudo:session): session opened for user root(uid=0) by kali(uid=1000)
Feb 17 00:28:36 kali sudo[14126]: pam_unix(sudo:session): session closed for user root
Feb 17 00:28:49 kali sudo[14257]:     kali : TTY=pts/0 ; PWD=/home/kali ; USER=root ; COMMAND=/usr/bin/apt install hydra -y
Feb 17 00:28:49 kali sudo[14257]: pam_unix(sudo:session): session opened for user root(uid=0) by kali(uid=1000)
Feb 17 00:29:03 kali sudo[14257]: pam_unix(sudo:session): session closed for user root
Feb 17 00:30:35 kali kernel: 05:27:33.263070 SHCLX11   Shared Clipboard: Converting VBox formats 'BITMAP' to 'INVALID' for X11 (idxFmtX11=0, fmtX11=0, atomT
Feb 17 00:30:35 kali kernel: 05:30:35.017788 SHCLX11   Shared Clipboard: Converting VBox formats 'BITMAP' to 'INVALID' for X11 (idxFmtX11=0, fmtX11=0, atomT
Feb 17 00:30:35 kali kernel: 05:30:35.029917 SHCLX11   Shared Clipboard: Converting VBox formats 'BITMAP' to 'INVALID' for X11 (idxFmtX11=0, fmtX11=0, atomT
Feb 17 00:31:37 kali sudo[15809]:     kali : TTY=pts/0 ; PWD=/home/kali ; USER=root ; COMMAND=/usr/bin/gzip -d /usr/share/wordlists/rockyou.txt.gz
Feb 17 00:31:37 kali sudo[15809]: pam_unix(sudo:session): session opened for user root(uid=0) by kali(uid=1000)
Feb 17 00:31:39 kali sudo[15809]: pam_unix(sudo:session): session closed for user root
Feb 17 00:33:50 kali sshd-session[16885]: Received disconnect from 10.0.2.15 port 48060:11: Bye Bye [preauth]
Feb 17 00:33:50 kali sshd-session[16885]: Disconnected from authenticating user root 10.0.2.15 port 48060 [preauth]
Feb 17 00:33:50 kali sshd[10370]: drop connection #10 from [10.0.2.15]:48150 on [10.0.2.15]:22 Maxstartups
Feb 17 00:33:50 kali unix_chkpwd[16934]: password check failed for user (root)
Feb 17 00:33:50 kali sshd-session[16911]: pam_unix(sshd:auth): authentication failure; logname= uid=0 euid=0 tty=ssh ruser= rhost=10.0.2.15  user=root
Feb 17 00:33:50 kali sshd-session[16911]: pam_winbind(sshd:auth): getting password (0x00000388)
Feb 17 00:33:50 kali sshd-session[16911]: pam_winbind(sshd:auth): pam_get_item returned a password
Feb 17 00:33:50 kali sshd-session[16911]: pam_winbind(sshd:auth): request wbcLogonUser failed: WBC_ERR_WINBIND_NOT_AVAILABLE, PAM error: PAM_AUTHINFO_UNAVAIL (9)!
Feb 17 00:33:50 kali sshd-session[16911]: pam_winbind(sshd:auth): internal module error (retval = PAM_AUTHINFO_UNAVAIL(9), user = 'root')
Feb 17 00:33:50 kali unix_chkpwd[16937]: password check failed for user (root)
Feb 17 00:33:50 kali sshd-session[16913]: pam_unix(sshd:auth): authentication failure; logname= uid=0 euid=0 tty=ssh ruser= rhost=10.0.2.15  user=root
Feb 17 00:33:50 kali sshd-session[16913]: pam_winbind(sshd:auth): getting password (0x00000388)
Feb 17 00:33:50 kali sshd-session[16913]: pam_winbind(sshd:auth): pam_get_item returned a password
Feb 17 00:33:50 kali sshd-session[16913]: pam_winbind(sshd:auth): request wbcLogonUser failed: WBC_ERR_WINBIND_NOT_AVAILABLE, PAM error: PAM_AUTHINFO_UNAVAIL (9)!
Feb 17 00:33:50 kali sshd-session[16913]: pam_winbind(sshd:auth): internal module error (retval = PAM_AUTHINFO_UNAVAIL(9), user = 'root')
Feb 17 00:33:50 kali unix_chkpwd[16939]: password check failed for user (root)
Feb 17 00:33:50 kali unix_chkpwd[16941]: password check failed for user (root)
Feb 17 00:33:50 kali sshd-session[16915]: pam_unix(sshd:auth): authentication failure; logname= uid=0 euid=0 tty=ssh ruser= rhost=10.0.2.15  user=root
Feb 17 00:33:50 kali sshd-session[16915]: pam_winbind(sshd:auth): getting password (0x00000388)
Feb 17 00:33:50 kali sshd-session[16915]: pam_winbind(sshd:auth): pam_get_item returned a password
Feb 17 00:33:50 kali sshd-session[16915]: pam_winbind(sshd:auth): request wbcLogonUser failed: WBC_ERR_WINBIND_NOT_AVAILABLE, PAM error: PAM_AUTHINFO_UNAVAIL (9)!
Feb 17 00:33:50 kali sshd-session[16915]: pam_winbind(sshd:auth): internal module error (retval = PAM_AUTHINFO_UNAVAIL(9), user = 'root')
Feb 17 00:33:50 kali unix_chkpwd[16942]: password check failed for user (root)
Feb 17 00:33:50 kali sshd-session[16914]: pam_unix(sshd:auth): authentication failure; logname= uid=0 euid=0 tty=ssh ruser= rhost=10.0.2.15  user=root
Feb 17 00:33:50 kali sshd-session[16914]: pam_winbind(sshd:auth): getting password (0x00000388)
Feb 17 00:33:50 kali sshd-session[16914]: pam_winbind(sshd:auth): pam_get_item returned a password
Feb 17 00:33:50 kali sshd-session[16914]: pam_winbind(sshd:auth): request wbcLogonUser failed: WBC_ERR_WINBIND_NOT_AVAILABLE, PAM error: PAM_AUTHINFO_UNAVAIL (9)!
Feb 17 00:33:50 kali sshd-session[16914]: pam_winbind(sshd:auth): internal module error (retval = PAM_AUTHINFO_UNAVAIL(9), user = 'root')
Feb 17 00:33:50 kali sshd-session[16912]: pam_unix(sshd:auth): authentication failure; logname= uid=0 euid=0 tty=ssh ruser= rhost=10.0.2.15  user=root
Feb 17 00:33:50 kali sshd-session[16912]: pam_winbind(sshd:auth): getting password (0x00000388)
Feb 17 00:33:50 kali sshd-session[16912]: pam_winbind(sshd:auth): pam_get_item returned a password
Feb 17 00:33:50 kali sshd-session[16912]: pam_winbind(sshd:auth): request wbcLogonUser failed: WBC_ERR_WINBIND_NOT_AVAILABLE, PAM error: PAM_AUTHINFO_UNAVAIL (9)!
Feb 17 00:33:50 kali sshd-session[16912]: pam_winbind(sshd:auth): internal module error (retval = PAM_AUTHINFO_UNAVAIL(9), user = 'root')
Feb 17 00:33:50 kali unix_chkpwd[16945]: password check failed for user (root)
Feb 17 00:33:50 kali sshd-session[16919]: pam_unix(sshd:auth): authentication failure; logname= uid=0 euid=0 tty=ssh ruser= rhost=10.0.2.15  user=root
Feb 17 00:33:50 kali sshd-session[16919]: pam_winbind(sshd:auth): getting password (0x00000388)
Feb 17 00:33:50 kali sshd-session[16919]: pam_winbind(sshd:auth): pam_get_item returned a password
Feb 17 00:33:50 kali sshd-session[16919]: pam_winbind(sshd:auth): request wbcLogonUser failed: WBC_ERR_WINBIND_NOT_AVAILABLE, PAM error: PAM_AUTHINFO_UNAVAIL (9)!
Feb 17 00:33:50 kali sshd-session[16919]: pam_winbind(sshd:auth): internal module error (retval = PAM_AUTHINFO_UNAVAIL(9), user = 'root')
Feb 17 00:33:50 kali unix_chkpwd[16947]: password check failed for user (root)
Feb 17 00:33:50 kali sshd-session[16917]: pam_unix(sshd:auth): authentication failure; logname= uid=0 euid=0 tty=ssh ruser= rhost=10.0.2.15  user=root
Feb 17 00:33:50 kali sshd-session[16917]: pam_winbind(sshd:auth): getting password (0x00000388)
Feb 17 00:33:50 kali sshd-session[16917]: pam_winbind(sshd:auth): pam_get_item returned a password
Feb 17 00:33:50 kali sshd-session[16917]: pam_winbind(sshd:auth): request wbcLogonUser failed: WBC_ERR_WINBIND_NOT_AVAILABLE, PAM error: PAM_AUTHINFO_UNAVAIL (9)!
Feb 17 00:33:50 kali sshd-session[16917]: pam_winbind(sshd:auth): internal module error (retval = PAM_AUTHINFO_UNAVAIL(9), user = 'root')
Feb 17 00:33:50 kali unix_chkpwd[16948]: password check failed for user (root)
Feb 17 00:33:50 kali sshd-session[16922]: pam_unix(sshd:auth): authentication failure; logname= uid=0 euid=0 tty=ssh ruser= rhost=10.0.2.15  user=root
Feb 17 00:33:50 kali sshd-session[16922]: pam_winbind(sshd:auth): getting password (0x00000388)
Feb 17 00:33:50 kali sshd-session[16922]: pam_winbind(sshd:auth): pam_get_item returned a password
Feb 17 00:33:50 kali unix_chkpwd[16949]: password check failed for user (root)
Feb 17 00:33:50 kali sshd-session[16922]: pam_winbind(sshd:auth): request wbcLogonUser failed: WBC_ERR_WINBIND_NOT_AVAILABLE, PAM error: PAM_AUTHINFO_UNAVAIL (9)!
Feb 17 00:33:50 kali sshd-session[16922]: pam_winbind(sshd:auth): internal module error (retval = PAM_AUTHINFO_UNAVAIL(9), user = 'root')
Feb 17 00:33:50 kali sshd-session[16925]: pam_unix(sshd:auth): authentication failure; logname= uid=0 euid=0 tty=ssh ruser= rhost=10.0.2.15  user=root
Feb 17 00:33:50 kali sshd-session[16925]: pam_winbind(sshd:auth): getting password (0x00000388)
Feb 17 00:33:50 kali sshd-session[16925]: pam_winbind(sshd:auth): pam_get_item returned a password
Feb 17 00:33:50 kali sshd-session[16925]: pam_winbind(sshd:auth): request wbcLogonUser failed: WBC_ERR_WINBIND_NOT_AVAILABLE, PAM error: PAM_AUTHINFO_UNAVAIL (9)!
Feb 17 00:33:50 kali sshd-session[16925]: pam_winbind(sshd:auth): internal module error (retval = PAM_AUTHINFO_UNAVAIL(9), user = 'root')
Feb 17 00:33:50 kali unix_chkpwd[16950]: password check failed for user (root)
Feb 17 00:33:50 kali sshd-session[16923]: pam_unix(sshd:auth): authentication failure; logname= uid=0 euid=0 tty=ssh ruser= rhost=10.0.2.15  user=root
Feb 17 00:33:50 kali sshd-session[16923]: pam_winbind(sshd:auth): getting password (0x00000388)
Feb 17 00:33:50 kali sshd-session[16923]: pam_winbind(sshd:auth): pam_get_item returned a password
Feb 17 00:33:50 kali sshd-session[16923]: pam_winbind(sshd:auth): request wbcLogonUser failed: WBC_ERR_WINBIND_NOT_AVAILABLE, PAM error: PAM_AUTHINFO_UNAVAIL (9)!
Feb 17 00:33:50 kali sshd-session[16923]: pam_winbind(sshd:auth): internal module error (retval = PAM_AUTHINFO_UNAVAIL(9), user = 'root')
Feb 17 00:33:50 kali unix_chkpwd[16951]: password check failed for user (root)
Feb 17 00:33:50 kali unix_chkpwd[16952]: password check failed for user (root)
Feb 17 00:33:50 kali sshd-session[16926]: pam_unix(sshd:auth): authentication failure; logname= uid=0 euid=0 tty=ssh ruser= rhost=10.0.2.15  user=root
Feb 17 00:33:50 kali sshd-session[16926]: pam_winbind(sshd:auth): getting password (0x00000388)
Feb 17 00:33:50 kali sshd-session[16926]: pam_winbind(sshd:auth): pam_get_item returned a password
Feb 17 00:33:50 kali sshd-session[16926]: pam_winbind(sshd:auth): request wbcLogonUser failed: WBC_ERR_WINBIND_NOT_AVAILABLE, PAM error: PAM_AUTHINFO_UNAVAIL (9)!
Feb 17 00:33:50 kali sshd-session[16926]: pam_winbind(sshd:auth): internal module error (retval = PAM_AUTHINFO_UNAVAIL(9), user = 'root')
Feb 17 00:33:50 kali sshd-session[16929]: pam_unix(sshd:auth): authentication failure; logname= uid=0 euid=0 tty=ssh ruser= rhost=10.0.2.15  user=root
Feb 17 00:33:50 kali sshd-session[16929]: pam_winbind(sshd:auth): getting password (0x00000388)
Feb 17 00:33:50 kali sshd-session[16929]: pam_winbind(sshd:auth): pam_get_item returned a password
Feb 17 00:33:50 kali sshd-session[16929]: pam_winbind(sshd:auth): request wbcLogonUser failed: WBC_ERR_WINBIND_NOT_AVAILABLE, PAM error: PAM_AUTHINFO_UNAVAIL (9)!
Feb 17 00:33:50 kali sshd-session[16929]: pam_winbind(sshd:auth): internal module error (retval = PAM_AUTHINFO_UNAVAIL(9), user = 'root')
Feb 17 00:33:50 kali unix_chkpwd[16953]: password check failed for user (root)
Feb 17 00:33:50 kali sshd-session[16933]: pam_unix(sshd:auth): authentication failure; logname= uid=0 euid=0 tty=ssh ruser= rhost=10.0.2.15  user=root
Feb 17 00:33:50 kali sshd-session[16933]: pam_winbind(sshd:auth): getting password (0x00000388)
Feb 17 00:33:50 kali sshd-session[16933]: pam_winbind(sshd:auth): pam_get_item returned a password
Feb 17 00:33:50 kali sshd-session[16933]: pam_winbind(sshd:auth): request wbcLogonUser failed: WBC_ERR_WINBIND_NOT_AVAILABLE, PAM error: PAM_AUTHINFO_UNAVAIL (9)!
Feb 17 00:33:50 kali sshd-session[16933]: pam_winbind(sshd:auth): internal module error (retval = PAM_AUTHINFO_UNAVAIL(9), user = 'root')
Feb 17 00:33:50 kali unix_chkpwd[16954]: password check failed for user (root)
Feb 17 00:33:50 kali sshd-session[16930]: pam_unix(sshd:auth): authentication failure; logname= uid=0 euid=0 tty=ssh ruser= rhost=10.0.2.15  user=root
Feb 17 00:33:50 kali unix_chkpwd[16955]: password check failed for user (root)
Feb 17 00:33:50 kali sshd-session[16938]: pam_unix(sshd:auth): authentication failure; logname= uid=0 euid=0 tty=ssh ruser= rhost=10.0.2.15  user=root
Feb 17 00:33:50 kali sshd-session[16938]: pam_winbind(sshd:auth): getting password (0x00000388)
Feb 17 00:33:50 kali sshd-session[16938]: pam_winbind(sshd:auth): pam_get_item returned a password
Feb 17 00:33:50 kali sshd-session[16938]: pam_winbind(sshd:auth): request wbcLogonUser failed: WBC_ERR_WINBIND_NOT_AVAILABLE, PAM error: PAM_AUTHINFO_UNAVAIL (9)!
Feb 17 00:33:50 kali sshd-session[16938]: pam_winbind(sshd:auth): internal module error (retval = PAM_AUTHINFO_UNAVAIL(9), user = 'root')
Feb 17 00:33:50 kali sshd-session[16930]: pam_winbind(sshd:auth): getting password (0x00000388)
Feb 17 00:33:50 kali sshd-session[16930]: pam_winbind(sshd:auth): pam_get_item returned a password
Feb 17 00:33:50 kali sshd-session[16930]: pam_winbind(sshd:auth): request wbcLogonUser failed: WBC_ERR_WINBIND_NOT_AVAILABLE, PAM error: PAM_AUTHINFO_UNAVAIL (9)!
Feb 17 00:33:50 kali sshd-session[16930]: pam_winbind(sshd:auth): internal module error (retval = PAM_AUTHINFO_UNAVAIL(9), user = 'root')
Feb 17 00:33:51 kali sshd-session[16929]: Failed password for root from 10.0.2.15 port 48162 ssh2
Feb 17 00:33:52 kali sshd-session[16922]: Failed password for root from 10.0.2.15 port 48126 ssh2
Feb 17 00:33:52 kali sshd-session[16913]: Failed password for root from 10.0.2.15 port 48088 ssh2
Feb 17 00:33:52 kali sshd-session[16938]: Failed password for root from 10.0.2.15 port 48204 ssh2
Feb 17 00:33:52 kali sshd-session[16923]: Failed password for root from 10.0.2.15 port 48128 ssh2
Feb 17 00:33:52 kali sshd-session[16919]: Failed password for root from 10.0.2.15 port 48118 ssh2
Feb 17 00:33:52 kali sshd-session[16933]: Failed password for root from 10.0.2.15 port 48190 ssh2
Feb 17 00:33:52 kali unix_chkpwd[16972]: password check failed for user (root)
Feb 17 00:33:52 kali sshd-session[16913]: pam_winbind(sshd:auth): getting password (0x00000388)
Feb 17 00:33:52 kali sshd-session[16913]: pam_winbind(sshd:auth): pam_get_item returned a password
Feb 17 00:33:52 kali sshd-session[16913]: pam_winbind(sshd:auth): request wbcLogonUser failed: WBC_ERR_WINBIND_NOT_AVAILABLE, PAM error: PAM_AUTHINFO_UNAVAIL (9)!
Feb 17 00:33:52 kali sshd-session[16913]: pam_winbind(sshd:auth): internal module error (retval = PAM_AUTHINFO_UNAVAIL(9), user = 'root')
Feb 17 00:33:52 kali sshd-session[16915]: Failed password for root from 10.0.2.15 port 48100 ssh2
Feb 17 00:33:52 kali unix_chkpwd[16973]: password check failed for user (root)
Feb 17 00:33:52 kali sshd-session[16919]: pam_winbind(sshd:auth): getting password (0x00000388)
Feb 17 00:33:52 kali sshd-session[16919]: pam_winbind(sshd:auth): pam_get_item returned a password
Feb 17 00:33:52 kali sshd-session[16919]: pam_winbind(sshd:auth): request wbcLogonUser failed: WBC_ERR_WINBIND_NOT_AVAILABLE, PAM error: PAM_AUTHINFO_UNAVAIL (9)!
Feb 17 00:33:52 kali sshd-session[16919]: pam_winbind(sshd:auth): internal module error (retval = PAM_AUTHINFO_UNAVAIL(9), user = 'root')
Feb 17 00:33:52 kali unix_chkpwd[16974]: password check failed for user (root)
Feb 17 00:33:52 kali sshd-session[16922]: pam_winbind(sshd:auth): getting password (0x00000388)
Feb 17 00:33:52 kali sshd-session[16922]: pam_winbind(sshd:auth): pam_get_item returned a password
Feb 17 00:33:52 kali sshd-session[16922]: pam_winbind(sshd:auth): request wbcLogonUser failed: WBC_ERR_WINBIND_NOT_AVAILABLE, PAM error: PAM_AUTHINFO_UNAVAIL (9)!
Feb 17 00:33:52 kali sshd-session[16922]: pam_winbind(sshd:auth): internal module error (retval = PAM_AUTHINFO_UNAVAIL(9), user = 'root')
Feb 17 00:33:52 kali unix_chkpwd[16975]: password check failed for user (root)
Feb 17 00:33:52 kali sshd-session[16923]: pam_winbind(sshd:auth): getting password (0x00000388)
Feb 17 00:33:52 kali sshd-session[16923]: pam_winbind(sshd:auth): pam_get_item returned a password
Feb 17 00:33:52 kali sshd-session[16923]: pam_winbind(sshd:auth): request wbcLogonUser failed: WBC_ERR_WINBIND_NOT_AVAILABLE, PAM error: PAM_AUTHINFO_UNAVAIL (9)!
Feb 17 00:33:52 kali sshd-session[16923]: pam_winbind(sshd:auth): internal module error (retval = PAM_AUTHINFO_UNAVAIL(9), user = 'root')
Feb 17 00:33:52 kali unix_chkpwd[16976]: password check failed for user (root)
Feb 17 00:33:52 kali sshd-session[16929]: pam_winbind(sshd:auth): getting password (0x00000388)
Feb 17 00:33:52 kali sshd-session[16929]: pam_winbind(sshd:auth): pam_get_item returned a password
Feb 17 00:33:52 kali sshd-session[16929]: pam_winbind(sshd:auth): request wbcLogonUser failed: WBC_ERR_WINBIND_NOT_AVAILABLE, PAM error: PAM_AUTHINFO_UNAVAIL (9)!
Feb 17 00:33:52 kali sshd-session[16929]: pam_winbind(sshd:auth): internal module error (retval = PAM_AUTHINFO_UNAVAIL(9), user = 'root')
Feb 17 00:33:52 kali unix_chkpwd[16977]: password check failed for user (root)
Feb 17 00:33:52 kali sshd-session[16933]: pam_winbind(sshd:auth): getting password (0x00000388)
Feb 17 00:33:52 kali sshd-session[16933]: pam_winbind(sshd:auth): pam_get_item returned a password
Feb 17 00:33:52 kali sshd-session[16933]: pam_winbind(sshd:auth): request wbcLogonUser failed: WBC_ERR_WINBIND_NOT_AVAILABLE, PAM error: PAM_AUTHINFO_UNAVAIL (9)!
Feb 17 00:33:52 kali sshd-session[16933]: pam_winbind(sshd:auth): internal module error (retval = PAM_AUTHINFO_UNAVAIL(9), user = 'root')
Feb 17 00:33:52 kali sshd-session[16912]: Failed password for root from 10.0.2.15 port 48080 ssh2
Feb 17 00:33:52 kali unix_chkpwd[16978]: password check failed for user (root)
Feb 17 00:33:52 kali sshd-session[16938]: pam_winbind(sshd:auth): getting password (0x00000388)
Feb 17 00:33:52 kali sshd-session[16938]: pam_winbind(sshd:auth): pam_get_item returned a password
Feb 17 00:33:52 kali sshd-session[16938]: pam_winbind(sshd:auth): request wbcLogonUser failed: WBC_ERR_WINBIND_NOT_AVAILABLE, PAM error: PAM_AUTHINFO_UNAVAIL (9)!
Feb 17 00:33:52 kali sshd-session[16938]: pam_winbind(sshd:auth): internal module error (retval = PAM_AUTHINFO_UNAVAIL(9), user = 'root')
Feb 17 00:33:53 kali sshd-session[16926]: Failed password for root from 10.0.2.15 port 48154 ssh2
Feb 17 00:33:53 kali sshd-session[16914]: Failed password for root from 10.0.2.15 port 48098 ssh2
Feb 17 00:33:53 kali sshd-session[16925]: Failed password for root from 10.0.2.15 port 48144 ssh2
Feb 17 00:33:53 kali sshd-session[16917]: Failed password for root from 10.0.2.15 port 48106 ssh2
Feb 17 00:33:53 kali sshd-session[16930]: Failed password for root from 10.0.2.15 port 48176 ssh2
Feb 17 00:33:53 kali sshd-session[16911]: Failed password for root from 10.0.2.15 port 48076 ssh2
Feb 17 00:33:54 kali sshd-session[16922]: Failed password for root from 10.0.2.15 port 48126 ssh2
Feb 17 00:33:54 kali sshd-session[16913]: Failed password for root from 10.0.2.15 port 48088 ssh2
Feb 17 00:33:54 kali sshd-session[16923]: Failed password for root from 10.0.2.15 port 48128 ssh2
Feb 17 00:33:54 kali sshd-session[16938]: Failed password for root from 10.0.2.15 port 48204 ssh2
Feb 17 00:33:54 kali unix_chkpwd[16995]: password check failed for user (root)
Feb 17 00:33:54 kali sshd-session[16911]: pam_winbind(sshd:auth): getting password (0x00000388)
Feb 17 00:33:54 kali sshd-session[16911]: pam_winbind(sshd:auth): pam_get_item returned a password
Feb 17 00:33:54 kali sshd-session[16911]: pam_winbind(sshd:auth): request wbcLogonUser failed: WBC_ERR_WINBIND_NOT_AVAILABLE, PAM error: PAM_AUTHINFO_UNAVAIL (9)!
Feb 17 00:33:54 kali sshd-session[16911]: pam_winbind(sshd:auth): internal module error (retval = PAM_AUTHINFO_UNAVAIL(9), user = 'root')
Feb 17 00:33:54 kali unix_chkpwd[16996]: password check failed for user (root)
Feb 17 00:33:54 kali sshd-session[16913]: pam_winbind(sshd:auth): getting password (0x00000388)
Feb 17 00:33:54 kali sshd-session[16913]: pam_winbind(sshd:auth): pam_get_item returned a password
Feb 17 00:33:54 kali sshd-session[16913]: pam_winbind(sshd:auth): request wbcLogonUser failed: WBC_ERR_WINBIND_NOT_AVAILABLE, PAM error: PAM_AUTHINFO_UNAVAIL (9)!
Feb 17 00:33:54 kali sshd-session[16913]: pam_winbind(sshd:auth): internal module error (retval = PAM_AUTHINFO_UNAVAIL(9), user = 'root')
Feb 17 00:33:54 kali unix_chkpwd[16997]: password check failed for user (root)
Feb 17 00:33:54 kali sshd-session[16912]: pam_winbind(sshd:auth): getting password (0x00000388)
Feb 17 00:33:54 kali sshd-session[16912]: pam_winbind(sshd:auth): pam_get_item returned a password
Feb 17 00:33:54 kali sshd-session[16912]: pam_winbind(sshd:auth): request wbcLogonUser failed: WBC_ERR_WINBIND_NOT_AVAILABLE, PAM error: PAM_AUTHINFO_UNAVAIL (9)!
Feb 17 00:33:54 kali sshd-session[16912]: pam_winbind(sshd:auth): internal module error (retval = PAM_AUTHINFO_UNAVAIL(9), user = 'root')
Feb 17 00:33:54 kali unix_chkpwd[16998]: password check failed for user (root)
Feb 17 00:33:54 kali sshd-session[16915]: pam_winbind(sshd:auth): getting password (0x00000388)
Feb 17 00:33:54 kali sshd-session[16915]: pam_winbind(sshd:auth): pam_get_item returned a password
Feb 17 00:33:54 kali sshd-session[16915]: pam_winbind(sshd:auth): request wbcLogonUser failed: WBC_ERR_WINBIND_NOT_AVAILABLE, PAM error: PAM_AUTHINFO_UNAVAIL (9)!
Feb 17 00:33:54 kali sshd-session[16915]: pam_winbind(sshd:auth): internal module error (retval = PAM_AUTHINFO_UNAVAIL(9), user = 'root')
Feb 17 00:33:54 kali unix_chkpwd[16999]: password check failed for user (root)
Feb 17 00:33:54 kali sshd-session[16914]: pam_winbind(sshd:auth): getting password (0x00000388)
Feb 17 00:33:54 kali sshd-session[16914]: pam_winbind(sshd:auth): pam_get_item returned a password
Feb 17 00:33:54 kali sshd-session[16914]: pam_winbind(sshd:auth): request wbcLogonUser failed: WBC_ERR_WINBIND_NOT_AVAILABLE, PAM error: PAM_AUTHINFO_UNAVAIL (9)!
Feb 17 00:33:54 kali sshd-session[16914]: pam_winbind(sshd:auth): internal module error (retval = PAM_AUTHINFO_UNAVAIL(9), user = 'root')
Feb 17 00:33:54 kali unix_chkpwd[17000]: password check failed for user (root)
Feb 17 00:33:54 kali sshd-session[16917]: pam_winbind(sshd:auth): getting password (0x00000388)
Feb 17 00:33:54 kali sshd-session[16917]: pam_winbind(sshd:auth): pam_get_item returned a password
Feb 17 00:33:54 kali sshd-session[16917]: pam_winbind(sshd:auth): request wbcLogonUser failed: WBC_ERR_WINBIND_NOT_AVAILABLE, PAM error: PAM_AUTHINFO_UNAVAIL (9)!
Feb 17 00:33:54 kali sshd-session[16917]: pam_winbind(sshd:auth): internal module error (retval = PAM_AUTHINFO_UNAVAIL(9), user = 'root')
Feb 17 00:33:54 kali sshd-session[16933]: Failed password for root from 10.0.2.15 port 48190 ssh2
Feb 17 00:33:54 kali unix_chkpwd[17001]: password check failed for user (root)
Feb 17 00:33:54 kali sshd-session[16922]: pam_winbind(sshd:auth): getting password (0x00000388)
Feb 17 00:33:54 kali sshd-session[16922]: pam_winbind(sshd:auth): pam_get_item returned a password
Feb 17 00:33:54 kali sshd-session[16922]: pam_winbind(sshd:auth): request wbcLogonUser failed: WBC_ERR_WINBIND_NOT_AVAILABLE, PAM error: PAM_AUTHINFO_UNAVAIL (9)!
Feb 17 00:33:54 kali sshd-session[16922]: pam_winbind(sshd:auth): internal module error (retval = PAM_AUTHINFO_UNAVAIL(9), user = 'root')
Feb 17 00:33:55 kali unix_chkpwd[17002]: password check failed for user (root)
Feb 17 00:33:55 kali sshd-session[16925]: pam_winbind(sshd:auth): getting password (0x00000388)
Feb 17 00:33:55 kali sshd-session[16925]: pam_winbind(sshd:auth): pam_get_item returned a password
Feb 17 00:33:55 kali sshd-session[16925]: pam_winbind(sshd:auth): request wbcLogonUser failed: WBC_ERR_WINBIND_NOT_AVAILABLE, PAM error: PAM_AUTHINFO_UNAVAIL (9)!
Feb 17 00:33:55 kali sshd-session[16925]: pam_winbind(sshd:auth): internal module error (retval = PAM_AUTHINFO_UNAVAIL(9), user = 'root')
Feb 17 00:33:55 kali unix_chkpwd[17003]: password check failed for user (root)
Feb 17 00:33:55 kali sshd-session[16923]: pam_winbind(sshd:auth): getting password (0x00000388)
Feb 17 00:33:55 kali sshd-session[16923]: pam_winbind(sshd:auth): pam_get_item returned a password
Feb 17 00:33:55 kali sshd-session[16923]: pam_winbind(sshd:auth): request wbcLogonUser failed: WBC_ERR_WINBIND_NOT_AVAILABLE, PAM error: PAM_AUTHINFO_UNAVAIL (9)!
Feb 17 00:33:55 kali sshd-session[16923]: pam_winbind(sshd:auth): internal module error (retval = PAM_AUTHINFO_UNAVAIL(9), user = 'root')
Feb 17 00:33:55 kali unix_chkpwd[17004]: password check failed for user (root)
Feb 17 00:33:55 kali sshd-session[16926]: pam_winbind(sshd:auth): getting password (0x00000388)
Feb 17 00:33:55 kali sshd-session[16926]: pam_winbind(sshd:auth): pam_get_item returned a password
Feb 17 00:33:55 kali sshd-session[16926]: pam_winbind(sshd:auth): request wbcLogonUser failed: WBC_ERR_WINBIND_NOT_AVAILABLE, PAM error: PAM_AUTHINFO_UNAVAIL (9)!
Feb 17 00:33:55 kali sshd-session[16926]: pam_winbind(sshd:auth): internal module error (retval = PAM_AUTHINFO_UNAVAIL(9), user = 'root')
Feb 17 00:33:55 kali unix_chkpwd[17005]: password check failed for user (root)
Feb 17 00:33:55 kali sshd-session[16933]: pam_winbind(sshd:auth): getting password (0x00000388)
Feb 17 00:33:55 kali sshd-session[16933]: pam_winbind(sshd:auth): pam_get_item returned a password
Feb 17 00:33:55 kali sshd-session[16933]: pam_winbind(sshd:auth): request wbcLogonUser failed: WBC_ERR_WINBIND_NOT_AVAILABLE, PAM error: PAM_AUTHINFO_UNAVAIL (9)!
Feb 17 00:33:55 kali sshd-session[16933]: pam_winbind(sshd:auth): internal module error (retval = PAM_AUTHINFO_UNAVAIL(9), user = 'root')
Feb 17 00:33:55 kali unix_chkpwd[17006]: password check failed for user (root)
Feb 17 00:33:55 kali sshd-session[16930]: pam_winbind(sshd:auth): getting password (0x00000388)
Feb 17 00:33:55 kali sshd-session[16930]: pam_winbind(sshd:auth): pam_get_item returned a password
Feb 17 00:33:55 kali sshd-session[16930]: pam_winbind(sshd:auth): request wbcLogonUser failed: WBC_ERR_WINBIND_NOT_AVAILABLE, PAM error: PAM_AUTHINFO_UNAVAIL (9)!
Feb 17 00:33:55 kali sshd-session[16930]: pam_winbind(sshd:auth): internal module error (retval = PAM_AUTHINFO_UNAVAIL(9), user = 'root')
Feb 17 00:33:55 kali unix_chkpwd[17007]: password check failed for user (root)
Feb 17 00:33:55 kali sshd-session[16938]: pam_winbind(sshd:auth): getting password (0x00000388)
Feb 17 00:33:55 kali sshd-session[16938]: pam_winbind(sshd:auth): pam_get_item returned a password
Feb 17 00:33:55 kali sshd-session[16938]: pam_winbind(sshd:auth): request wbcLogonUser failed: WBC_ERR_WINBIND_NOT_AVAILABLE, PAM error: PAM_AUTHINFO_UNAVAIL (9)!
Feb 17 00:33:55 kali sshd-session[16938]: pam_winbind(sshd:auth): internal module error (retval = PAM_AUTHINFO_UNAVAIL(9), user = 'root')
Feb 17 00:33:55 kali sshd-session[16929]: Failed password for root from 10.0.2.15 port 48162 ssh2
Feb 17 00:33:55 kali sshd-session[16919]: Failed password for root from 10.0.2.15 port 48118 ssh2
Feb 17 00:33:56 kali sshd-session[16913]: Failed password for root from 10.0.2.15 port 48088 ssh2
Feb 17 00:33:56 kali sshd-session[16915]: Failed password for root from 10.0.2.15 port 48100 ssh2
Feb 17 00:33:56 kali sshd-session[16911]: Failed password for root from 10.0.2.15 port 48076 ssh2
Feb 17 00:33:56 kali sshd-session[16933]: Failed password for root from 10.0.2.15 port 48190 ssh2
Feb 17 00:33:56 kali sshd-session[16912]: Failed password for root from 10.0.2.15 port 48080 ssh2
Feb 17 00:33:56 kali sshd-session[16930]: Failed password for root from 10.0.2.15 port 48176 ssh2
Feb 17 00:33:57 kali unix_chkpwd[17024]: password check failed for user (root)
Feb 17 00:33:57 kali sshd-session[16911]: pam_winbind(sshd:auth): getting password (0x00000388)
Feb 17 00:33:57 kali sshd-session[16911]: pam_winbind(sshd:auth): pam_get_item returned a password
Feb 17 00:33:57 kali sshd-session[16911]: pam_winbind(sshd:auth): request wbcLogonUser failed: WBC_ERR_WINBIND_NOT_AVAILABLE, PAM error: PAM_AUTHINFO_UNAVAIL (9)!
Feb 17 00:33:57 kali sshd-session[16911]: pam_winbind(sshd:auth): internal module error (retval = PAM_AUTHINFO_UNAVAIL(9), user = 'root')
Feb 17 00:33:57 kali unix_chkpwd[17025]: password check failed for user (root)
Feb 17 00:33:57 kali sshd-session[16913]: pam_winbind(sshd:auth): getting password (0x00000388)
Feb 17 00:33:57 kali sshd-session[16913]: pam_winbind(sshd:auth): pam_get_item returned a password
Feb 17 00:33:57 kali sshd-session[16913]: pam_winbind(sshd:auth): request wbcLogonUser failed: WBC_ERR_WINBIND_NOT_AVAILABLE, PAM error: PAM_AUTHINFO_UNAVAIL (9)!
Feb 17 00:33:57 kali sshd-session[16913]: pam_winbind(sshd:auth): internal module error (retval = PAM_AUTHINFO_UNAVAIL(9), user = 'root')
Feb 17 00:33:57 kali unix_chkpwd[17026]: password check failed for user (root)
Feb 17 00:33:57 kali sshd-session[16912]: pam_winbind(sshd:auth): getting password (0x00000388)
Feb 17 00:33:57 kali sshd-session[16912]: pam_winbind(sshd:auth): pam_get_item returned a password
Feb 17 00:33:57 kali sshd-session[16912]: pam_winbind(sshd:auth): request wbcLogonUser failed: WBC_ERR_WINBIND_NOT_AVAILABLE, PAM error: PAM_AUTHINFO_UNAVAIL (9)!
Feb 17 00:33:57 kali sshd-session[16912]: pam_winbind(sshd:auth): internal module error (retval = PAM_AUTHINFO_UNAVAIL(9), user = 'root')
Feb 17 00:33:57 kali unix_chkpwd[17027]: password check failed for user (root)
Feb 17 00:33:57 kali sshd-session[16915]: pam_winbind(sshd:auth): getting password (0x00000388)
Feb 17 00:33:57 kali sshd-session[16915]: pam_winbind(sshd:auth): pam_get_item returned a password
Feb 17 00:33:57 kali sshd-session[16915]: pam_winbind(sshd:auth): request wbcLogonUser failed: WBC_ERR_WINBIND_NOT_AVAILABLE, PAM error: PAM_AUTHINFO_UNAVAIL (9)!
Feb 17 00:33:57 kali sshd-session[16915]: pam_winbind(sshd:auth): internal module error (retval = PAM_AUTHINFO_UNAVAIL(9), user = 'root')
Feb 17 00:33:57 kali unix_chkpwd[17028]: password check failed for user (root)
Feb 17 00:33:57 kali sshd-session[16919]: pam_winbind(sshd:auth): getting password (0x00000388)
Feb 17 00:33:57 kali sshd-session[16919]: pam_winbind(sshd:auth): pam_get_item returned a password
Feb 17 00:33:57 kali sshd-session[16919]: pam_winbind(sshd:auth): request wbcLogonUser failed: WBC_ERR_WINBIND_NOT_AVAILABLE, PAM error: PAM_AUTHINFO_UNAVAIL (9)!
Feb 17 00:33:57 kali sshd-session[16919]: pam_winbind(sshd:auth): internal module error (retval = PAM_AUTHINFO_UNAVAIL(9), user = 'root')
Feb 17 00:33:57 kali sshd-session[16923]: Failed password for root from 10.0.2.15 port 48128 ssh2
Feb 17 00:33:57 kali sshd-session[16922]: Failed password for root from 10.0.2.15 port 48126 ssh2
Feb 17 00:33:57 kali unix_chkpwd[17029]: password check failed for user (root)
Feb 17 00:33:57 kali sshd-session[16929]: pam_winbind(sshd:auth): getting password (0x00000388)
Feb 17 00:33:57 kali sshd-session[16929]: pam_winbind(sshd:auth): pam_get_item returned a password
Feb 17 00:33:57 kali sshd-session[16929]: pam_winbind(sshd:auth): request wbcLogonUser failed: WBC_ERR_WINBIND_NOT_AVAILABLE, PAM error: PAM_AUTHINFO_UNAVAIL (9)!
Feb 17 00:33:57 kali sshd-session[16929]: pam_winbind(sshd:auth): internal module error (retval = PAM_AUTHINFO_UNAVAIL(9), user = 'root')
Feb 17 00:33:57 kali unix_chkpwd[17030]: password check failed for user (root)
Feb 17 00:33:57 kali sshd-session[16923]: pam_winbind(sshd:auth): getting password (0x00000388)
Feb 17 00:33:57 kali sshd-session[16923]: pam_winbind(sshd:auth): pam_get_item returned a password
Feb 17 00:33:57 kali sshd-session[16923]: pam_winbind(sshd:auth): request wbcLogonUser failed: WBC_ERR_WINBIND_NOT_AVAILABLE, PAM error: PAM_AUTHINFO_UNAVAIL (9)!
Feb 17 00:33:57 kali sshd-session[16923]: pam_winbind(sshd:auth): internal module error (retval = PAM_AUTHINFO_UNAVAIL(9), user = 'root')
Feb 17 00:33:57 kali sshd-session[16914]: Failed password for root from 10.0.2.15 port 48098 ssh2
Feb 17 00:33:57 kali unix_chkpwd[17031]: password check failed for user (root)
Feb 17 00:33:57 kali sshd-session[16933]: pam_winbind(sshd:auth): getting password (0x00000388)
Feb 17 00:33:57 kali sshd-session[16933]: pam_winbind(sshd:auth): pam_get_item returned a password
Feb 17 00:33:57 kali sshd-session[16933]: pam_winbind(sshd:auth): request wbcLogonUser failed: WBC_ERR_WINBIND_NOT_AVAILABLE, PAM error: PAM_AUTHINFO_UNAVAIL (9)!
Feb 17 00:33:57 kali sshd-session[16933]: pam_winbind(sshd:auth): internal module error (retval = PAM_AUTHINFO_UNAVAIL(9), user = 'root')
Feb 17 00:33:57 kali sshd-session[16917]: Failed password for root from 10.0.2.15 port 48106 ssh2
Feb 17 00:33:57 kali unix_chkpwd[17032]: password check failed for user (root)
Feb 17 00:33:57 kali sshd-session[16930]: pam_winbind(sshd:auth): getting password (0x00000388)
Feb 17 00:33:57 kali sshd-session[16930]: pam_winbind(sshd:auth): pam_get_item returned a password
Feb 17 00:33:57 kali sshd-session[16930]: pam_winbind(sshd:auth): request wbcLogonUser failed: WBC_ERR_WINBIND_NOT_AVAILABLE, PAM error: PAM_AUTHINFO_UNAVAIL (9)!
Feb 17 00:33:57 kali sshd-session[16930]: pam_winbind(sshd:auth): internal module error (retval = PAM_AUTHINFO_UNAVAIL(9), user = 'root')
Feb 17 00:33:57 kali sshd-session[16926]: Failed password for root from 10.0.2.15 port 48154 ssh2
Feb 17 00:33:57 kali sshd-session[16938]: Failed password for root from 10.0.2.15 port 48204 ssh2
Feb 17 00:33:57 kali sshd-session[16925]: Failed password for root from 10.0.2.15 port 48144 ssh2
Feb 17 00:33:58 kali sshd-session[16919]: Failed password for root from 10.0.2.15 port 48118 ssh2
Feb 17 00:33:59 kali sshd-session[16929]: Failed password for root from 10.0.2.15 port 48162 ssh2
Feb 17 00:33:59 kali sshd-session[16923]: Failed password for root from 10.0.2.15 port 48128 ssh2
Feb 17 00:33:59 kali sshd-session[16912]: Failed password for root from 10.0.2.15 port 48080 ssh2
Feb 17 00:33:59 kali sshd-session[16933]: Failed password for root from 10.0.2.15 port 48190 ssh2
Feb 17 00:33:59 kali sshd-session[16930]: Failed password for root from 10.0.2.15 port 48176 ssh2
Feb 17 00:33:59 kali sshd-session[16913]: Failed password for root from 10.0.2.15 port 48088 ssh2
Feb 17 00:33:59 kali unix_chkpwd[17049]: password check failed for user (root)
Feb 17 00:33:59 kali sshd-session[16913]: pam_winbind(sshd:auth): getting password (0x00000388)
Feb 17 00:33:59 kali sshd-session[16913]: pam_winbind(sshd:auth): pam_get_item returned a password
Feb 17 00:33:59 kali sshd-session[16913]: pam_winbind(sshd:auth): request wbcLogonUser failed: WBC_ERR_WINBIND_NOT_AVAILABLE, PAM error: PAM_AUTHINFO_UNAVAIL (9)!
Feb 17 00:33:59 kali sshd-session[16913]: pam_winbind(sshd:auth): internal module error (retval = PAM_AUTHINFO_UNAVAIL(9), user = 'root')
Feb 17 00:33:59 kali unix_chkpwd[17050]: password check failed for user (root)
Feb 17 00:33:59 kali sshd-session[16912]: pam_winbind(sshd:auth): getting password (0x00000388)
Feb 17 00:33:59 kali sshd-session[16912]: pam_winbind(sshd:auth): pam_get_item returned a password
Feb 17 00:33:59 kali sshd-session[16912]: pam_winbind(sshd:auth): request wbcLogonUser failed: WBC_ERR_WINBIND_NOT_AVAILABLE, PAM error: PAM_AUTHINFO_UNAVAIL (9)!
Feb 17 00:33:59 kali sshd-session[16912]: pam_winbind(sshd:auth): internal module error (retval = PAM_AUTHINFO_UNAVAIL(9), user = 'root')
Feb 17 00:33:59 kali unix_chkpwd[17051]: password check failed for user (root)
Feb 17 00:33:59 kali sshd-session[16914]: pam_winbind(sshd:auth): getting password (0x00000388)
Feb 17 00:33:59 kali sshd-session[16914]: pam_winbind(sshd:auth): pam_get_item returned a password
Feb 17 00:33:59 kali sshd-session[16914]: pam_winbind(sshd:auth): request wbcLogonUser failed: WBC_ERR_WINBIND_NOT_AVAILABLE, PAM error: PAM_AUTHINFO_UNAVAIL (9)!
Feb 17 00:33:59 kali sshd-session[16914]: pam_winbind(sshd:auth): internal module error (retval = PAM_AUTHINFO_UNAVAIL(9), user = 'root')
Feb 17 00:33:59 kali unix_chkpwd[17052]: password check failed for user (root)
Feb 17 00:33:59 kali sshd-session[16919]: pam_winbind(sshd:auth): getting password (0x00000388)
Feb 17 00:33:59 kali sshd-session[16919]: pam_winbind(sshd:auth): pam_get_item returned a password
Feb 17 00:33:59 kali sshd-session[16919]: pam_winbind(sshd:auth): request wbcLogonUser failed: WBC_ERR_WINBIND_NOT_AVAILABLE, PAM error: PAM_AUTHINFO_UNAVAIL (9)!
Feb 17 00:33:59 kali sshd-session[16919]: pam_winbind(sshd:auth): internal module error (retval = PAM_AUTHINFO_UNAVAIL(9), user = 'root')
Feb 17 00:33:59 kali sshd-session[16915]: Failed password for root from 10.0.2.15 port 48100 ssh2
Feb 17 00:33:59 kali unix_chkpwd[17053]: password check failed for user (root)
Feb 17 00:33:59 kali sshd-session[16917]: pam_winbind(sshd:auth): getting password (0x00000388)
Feb 17 00:33:59 kali sshd-session[16917]: pam_winbind(sshd:auth): pam_get_item returned a password
Feb 17 00:33:59 kali sshd-session[16917]: pam_winbind(sshd:auth): request wbcLogonUser failed: WBC_ERR_WINBIND_NOT_AVAILABLE, PAM error: PAM_AUTHINFO_UNAVAIL (9)!
Feb 17 00:33:59 kali sshd-session[16917]: pam_winbind(sshd:auth): internal module error (retval = PAM_AUTHINFO_UNAVAIL(9), user = 'root')
Feb 17 00:33:59 kali unix_chkpwd[17062]: password check failed for user (root)
Feb 17 00:33:59 kali sshd-session[16922]: pam_winbind(sshd:auth): getting password (0x00000388)
Feb 17 00:33:59 kali sshd-session[16922]: pam_winbind(sshd:auth): pam_get_item returned a password
Feb 17 00:33:59 kali sshd-session[16922]: pam_winbind(sshd:auth): request wbcLogonUser failed: WBC_ERR_WINBIND_NOT_AVAILABLE, PAM error: PAM_AUTHINFO_UNAVAIL (9)!
Feb 17 00:33:59 kali sshd-session[16922]: pam_winbind(sshd:auth): internal module error (retval = PAM_AUTHINFO_UNAVAIL(9), user = 'root')
Feb 17 00:33:59 kali unix_chkpwd[17063]: password check failed for user (root)
Feb 17 00:33:59 kali sshd-session[16925]: pam_winbind(sshd:auth): getting password (0x00000388)
Feb 17 00:33:59 kali sshd-session[16925]: pam_winbind(sshd:auth): pam_get_item returned a password
Feb 17 00:33:59 kali sshd-session[16925]: pam_winbind(sshd:auth): request wbcLogonUser failed: WBC_ERR_WINBIND_NOT_AVAILABLE, PAM error: PAM_AUTHINFO_UNAVAIL (9)!
Feb 17 00:33:59 kali sshd-session[16925]: pam_winbind(sshd:auth): internal module error (retval = PAM_AUTHINFO_UNAVAIL(9), user = 'root')
Feb 17 00:33:59 kali unix_chkpwd[17064]: password check failed for user (root)
Feb 17 00:33:59 kali unix_chkpwd[17065]: password check failed for user (root)
Feb 17 00:33:59 kali sshd-session[16926]: pam_winbind(sshd:auth): getting password (0x00000388)
Feb 17 00:33:59 kali sshd-session[16926]: pam_winbind(sshd:auth): pam_get_item returned a password
Feb 17 00:33:59 kali sshd-session[16926]: pam_winbind(sshd:auth): request wbcLogonUser failed: WBC_ERR_WINBIND_NOT_AVAILABLE, PAM error: PAM_AUTHINFO_UNAVAIL (9)!
Feb 17 00:33:59 kali sshd-session[16926]: pam_winbind(sshd:auth): internal module error (retval = PAM_AUTHINFO_UNAVAIL(9), user = 'root')
Feb 17 00:33:59 kali sshd-session[16929]: pam_winbind(sshd:auth): getting password (0x00000388)
Feb 17 00:33:59 kali sshd-session[16929]: pam_winbind(sshd:auth): pam_get_item returned a password
Feb 17 00:33:59 kali sshd-session[16929]: pam_winbind(sshd:auth): request wbcLogonUser failed: WBC_ERR_WINBIND_NOT_AVAILABLE, PAM error: PAM_AUTHINFO_UNAVAIL (9)!
Feb 17 00:33:59 kali sshd-session[16929]: pam_winbind(sshd:auth): internal module error (retval = PAM_AUTHINFO_UNAVAIL(9), user = 'root')
Feb 17 00:33:59 kali unix_chkpwd[17066]: password check failed for user (root)
Feb 17 00:33:59 kali sshd-session[16923]: pam_winbind(sshd:auth): getting password (0x00000388)
Feb 17 00:33:59 kali sshd-session[16923]: pam_winbind(sshd:auth): pam_get_item returned a password
Feb 17 00:33:59 kali sshd-session[16923]: pam_winbind(sshd:auth): request wbcLogonUser failed: WBC_ERR_WINBIND_NOT_AVAILABLE, PAM error: PAM_AUTHINFO_UNAVAIL (9)!
Feb 17 00:33:59 kali sshd-session[16923]: pam_winbind(sshd:auth): internal module error (retval = PAM_AUTHINFO_UNAVAIL(9), user = 'root')
Feb 17 00:33:59 kali unix_chkpwd[17067]: password check failed for user (root)
Feb 17 00:33:59 kali sshd-session[16933]: pam_winbind(sshd:auth): getting password (0x00000388)
Feb 17 00:33:59 kali sshd-session[16933]: pam_winbind(sshd:auth): pam_get_item returned a password
Feb 17 00:33:59 kali sshd-session[16933]: pam_winbind(sshd:auth): request wbcLogonUser failed: WBC_ERR_WINBIND_NOT_AVAILABLE, PAM error: PAM_AUTHINFO_UNAVAIL (9)!
Feb 17 00:33:59 kali sshd-session[16933]: pam_winbind(sshd:auth): internal module error (retval = PAM_AUTHINFO_UNAVAIL(9), user = 'root')
Feb 17 00:33:59 kali unix_chkpwd[17069]: password check failed for user (root)
Feb 17 00:33:59 kali unix_chkpwd[17068]: password check failed for user (root)
Feb 17 00:33:59 kali sshd-session[16930]: pam_winbind(sshd:auth): getting password (0x00000388)
Feb 17 00:33:59 kali sshd-session[16930]: pam_winbind(sshd:auth): pam_get_item returned a password
Feb 17 00:33:59 kali sshd-session[16930]: pam_winbind(sshd:auth): request wbcLogonUser failed: WBC_ERR_WINBIND_NOT_AVAILABLE, PAM error: PAM_AUTHINFO_UNAVAIL (9)!
Feb 17 00:33:59 kali sshd-session[16930]: pam_winbind(sshd:auth): internal module error (retval = PAM_AUTHINFO_UNAVAIL(9), user = 'root')
Feb 17 00:33:59 kali sshd-session[16938]: pam_winbind(sshd:auth): getting password (0x00000388)
Feb 17 00:33:59 kali sshd-session[16938]: pam_winbind(sshd:auth): pam_get_item returned a password
Feb 17 00:33:59 kali sshd-session[16938]: pam_winbind(sshd:auth): request wbcLogonUser failed: WBC_ERR_WINBIND_NOT_AVAILABLE, PAM error: PAM_AUTHINFO_UNAVAIL (9)!
Feb 17 00:33:59 kali sshd-session[16938]: pam_winbind(sshd:auth): internal module error (retval = PAM_AUTHINFO_UNAVAIL(9), user = 'root')
Feb 17 00:33:59 kali sshd-session[16911]: Failed password for root from 10.0.2.15 port 48076 ssh2
Feb 17 00:34:00 kali sshd-session[16913]: Failed password for root from 10.0.2.15 port 48088 ssh2
Feb 17 00:34:01 kali sshd-session[16919]: Failed password for root from 10.0.2.15 port 48118 ssh2
Feb 17 00:34:01 kali sshd-session[16930]: Failed password for root from 10.0.2.15 port 48176 ssh2
Feb 17 00:34:01 kali sshd-session[16912]: Failed password for root from 10.0.2.15 port 48080 ssh2
Feb 17 00:34:01 kali sshd-session[16914]: Failed password for root from 10.0.2.15 port 48098 ssh2
Feb 17 00:34:01 kali sshd-session[16922]: Failed password for root from 10.0.2.15 port 48126 ssh2
Feb 17 00:34:01 kali sshd-session[16926]: Failed password for root from 10.0.2.15 port 48154 ssh2
Feb 17 00:34:01 kali sshd-session[16933]: Failed password for root from 10.0.2.15 port 48190 ssh2
Feb 17 00:34:01 kali unix_chkpwd[17086]: password check failed for user (root)
Feb 17 00:34:01 kali sshd-session[16911]: pam_winbind(sshd:auth): getting password (0x00000388)
Feb 17 00:34:01 kali sshd-session[16911]: pam_winbind(sshd:auth): pam_get_item returned a password
Feb 17 00:34:01 kali sshd-session[16911]: pam_winbind(sshd:auth): request wbcLogonUser failed: WBC_ERR_WINBIND_NOT_AVAILABLE, PAM error: PAM_AUTHINFO_UNAVAIL (9)!
Feb 17 00:34:01 kali sshd-session[16911]: pam_winbind(sshd:auth): internal module error (retval = PAM_AUTHINFO_UNAVAIL(9), user = 'root')
Feb 17 00:34:01 kali sshd-session[16925]: Failed password for root from 10.0.2.15 port 48144 ssh2
Feb 17 00:34:01 kali unix_chkpwd[17087]: password check failed for user (root)
Feb 17 00:34:01 kali sshd-session[16913]: pam_winbind(sshd:auth): getting password (0x00000388)
Feb 17 00:34:01 kali sshd-session[16913]: pam_winbind(sshd:auth): pam_get_item returned a password
Feb 17 00:34:01 kali sshd-session[16913]: pam_winbind(sshd:auth): request wbcLogonUser failed: WBC_ERR_WINBIND_NOT_AVAILABLE, PAM error: PAM_AUTHINFO_UNAVAIL (9)!
Feb 17 00:34:01 kali sshd-session[16913]: pam_winbind(sshd:auth): internal module error (retval = PAM_AUTHINFO_UNAVAIL(9), user = 'root')
Feb 17 00:34:01 kali unix_chkpwd[17088]: password check failed for user (root)
Feb 17 00:34:01 kali sshd-session[16912]: pam_winbind(sshd:auth): getting password (0x00000388)
Feb 17 00:34:01 kali sshd-session[16912]: pam_winbind(sshd:auth): pam_get_item returned a password
Feb 17 00:34:01 kali sshd-session[16912]: pam_winbind(sshd:auth): request wbcLogonUser failed: WBC_ERR_WINBIND_NOT_AVAILABLE, PAM error: PAM_AUTHINFO_UNAVAIL (9)!
Feb 17 00:34:01 kali sshd-session[16912]: pam_winbind(sshd:auth): internal module error (retval = PAM_AUTHINFO_UNAVAIL(9), user = 'root')
Feb 17 00:34:01 kali unix_chkpwd[17089]: password check failed for user (root)
Feb 17 00:34:01 kali sshd-session[16915]: pam_winbind(sshd:auth): getting password (0x00000388)
Feb 17 00:34:01 kali sshd-session[16915]: pam_winbind(sshd:auth): pam_get_item returned a password
Feb 17 00:34:01 kali sshd-session[16915]: pam_winbind(sshd:auth): request wbcLogonUser failed: WBC_ERR_WINBIND_NOT_AVAILABLE, PAM error: PAM_AUTHINFO_UNAVAIL (9)!
Feb 17 00:34:01 kali sshd-session[16915]: pam_winbind(sshd:auth): internal module error (retval = PAM_AUTHINFO_UNAVAIL(9), user = 'root')
Feb 17 00:34:01 kali sshd-session[16917]: Failed password for root from 10.0.2.15 port 48106 ssh2
Feb 17 00:34:01 kali unix_chkpwd[17090]: password check failed for user (root)
Feb 17 00:34:01 kali sshd-session[16914]: pam_winbind(sshd:auth): getting password (0x00000388)
Feb 17 00:34:01 kali sshd-session[16914]: pam_winbind(sshd:auth): pam_get_item returned a password
Feb 17 00:34:01 kali sshd-session[16914]: pam_winbind(sshd:auth): request wbcLogonUser failed: WBC_ERR_WINBIND_NOT_AVAILABLE, PAM error: PAM_AUTHINFO_UNAVAIL (9)!
Feb 17 00:34:01 kali sshd-session[16914]: pam_winbind(sshd:auth): internal module error (retval = PAM_AUTHINFO_UNAVAIL(9), user = 'root')
Feb 17 00:34:01 kali unix_chkpwd[17091]: password check failed for user (root)
Feb 17 00:34:01 kali sshd-session[16919]: pam_winbind(sshd:auth): getting password (0x00000388)
Feb 17 00:34:01 kali sshd-session[16919]: pam_winbind(sshd:auth): pam_get_item returned a password
Feb 17 00:34:01 kali sshd-session[16919]: pam_winbind(sshd:auth): request wbcLogonUser failed: WBC_ERR_WINBIND_NOT_AVAILABLE, PAM error: PAM_AUTHINFO_UNAVAIL (9)!
Feb 17 00:34:01 kali sshd-session[16919]: pam_winbind(sshd:auth): internal module error (retval = PAM_AUTHINFO_UNAVAIL(9), user = 'root')
Feb 17 00:34:01 kali unix_chkpwd[17092]: password check failed for user (root)
Feb 17 00:34:01 kali sshd-session[16917]: pam_winbind(sshd:auth): getting password (0x00000388)
Feb 17 00:34:01 kali sshd-session[16917]: pam_winbind(sshd:auth): pam_get_item returned a password
Feb 17 00:34:01 kali sshd-session[16917]: pam_winbind(sshd:auth): request wbcLogonUser failed: WBC_ERR_WINBIND_NOT_AVAILABLE, PAM error: PAM_AUTHINFO_UNAVAIL (9)!
Feb 17 00:34:01 kali sshd-session[16917]: pam_winbind(sshd:auth): internal module error (retval = PAM_AUTHINFO_UNAVAIL(9), user = 'root')
Feb 17 00:34:01 kali unix_chkpwd[17093]: password check failed for user (root)
Feb 17 00:34:01 kali sshd-session[16922]: pam_winbind(sshd:auth): getting password (0x00000388)
Feb 17 00:34:01 kali sshd-session[16922]: pam_winbind(sshd:auth): pam_get_item returned a password
Feb 17 00:34:01 kali sshd-session[16922]: pam_winbind(sshd:auth): request wbcLogonUser failed: WBC_ERR_WINBIND_NOT_AVAILABLE, PAM error: PAM_AUTHINFO_UNAVAIL (9)!
Feb 17 00:34:01 kali sshd-session[16922]: pam_winbind(sshd:auth): internal module error (retval = PAM_AUTHINFO_UNAVAIL(9), user = 'root')
Feb 17 00:34:01 kali unix_chkpwd[17094]: password check failed for user (root)
Feb 17 00:34:01 kali sshd-session[16923]: Failed password for root from 10.0.2.15 port 48128 ssh2
Feb 17 00:34:01 kali sshd-session[16925]: pam_winbind(sshd:auth): getting password (0x00000388)
Feb 17 00:34:01 kali sshd-session[16925]: pam_winbind(sshd:auth): pam_get_item returned a password
Feb 17 00:34:01 kali sshd-session[16925]: pam_winbind(sshd:auth): request wbcLogonUser failed: WBC_ERR_WINBIND_NOT_AVAILABLE, PAM error: PAM_AUTHINFO_UNAVAIL (9)!
Feb 17 00:34:01 kali sshd-session[16925]: pam_winbind(sshd:auth): internal module error (retval = PAM_AUTHINFO_UNAVAIL(9), user = 'root')
Feb 17 00:34:01 kali unix_chkpwd[17095]: password check failed for user (root)
Feb 17 00:34:01 kali sshd-session[16926]: pam_winbind(sshd:auth): getting password (0x00000388)
Feb 17 00:34:01 kali sshd-session[16926]: pam_winbind(sshd:auth): pam_get_item returned a password
Feb 17 00:34:01 kali sshd-session[16926]: pam_winbind(sshd:auth): request wbcLogonUser failed: WBC_ERR_WINBIND_NOT_AVAILABLE, PAM error: PAM_AUTHINFO_UNAVAIL (9)!
Feb 17 00:34:01 kali sshd-session[16926]: pam_winbind(sshd:auth): internal module error (retval = PAM_AUTHINFO_UNAVAIL(9), user = 'root')
Feb 17 00:34:01 kali unix_chkpwd[17096]: password check failed for user (root)
Feb 17 00:34:01 kali sshd-session[16923]: pam_winbind(sshd:auth): getting password (0x00000388)
Feb 17 00:34:01 kali sshd-session[16923]: pam_winbind(sshd:auth): pam_get_item returned a password
Feb 17 00:34:01 kali sshd-session[16923]: pam_winbind(sshd:auth): request wbcLogonUser failed: WBC_ERR_WINBIND_NOT_AVAILABLE, PAM error: PAM_AUTHINFO_UNAVAIL (9)!
Feb 17 00:34:01 kali sshd-session[16923]: pam_winbind(sshd:auth): internal module error (retval = PAM_AUTHINFO_UNAVAIL(9), user = 'root')
Feb 17 00:34:01 kali unix_chkpwd[17097]: password check failed for user (root)
Feb 17 00:34:01 kali sshd-session[16933]: pam_winbind(sshd:auth): getting password (0x00000388)
Feb 17 00:34:01 kali sshd-session[16933]: pam_winbind(sshd:auth): pam_get_item returned a password
Feb 17 00:34:01 kali sshd-session[16933]: pam_winbind(sshd:auth): request wbcLogonUser failed: WBC_ERR_WINBIND_NOT_AVAILABLE, PAM error: PAM_AUTHINFO_UNAVAIL (9)!
Feb 17 00:34:01 kali sshd-session[16933]: pam_winbind(sshd:auth): internal module error (retval = PAM_AUTHINFO_UNAVAIL(9), user = 'root')
Feb 17 00:34:01 kali unix_chkpwd[17098]: password check failed for user (root)
Feb 17 00:34:01 kali sshd-session[16930]: pam_winbind(sshd:auth): getting password (0x00000388)
Feb 17 00:34:01 kali sshd-session[16930]: pam_winbind(sshd:auth): pam_get_item returned a password
Feb 17 00:34:01 kali sshd-session[16930]: pam_winbind(sshd:auth): request wbcLogonUser failed: WBC_ERR_WINBIND_NOT_AVAILABLE, PAM error: PAM_AUTHINFO_UNAVAIL (9)!
Feb 17 00:34:01 kali sshd-session[16930]: pam_winbind(sshd:auth): internal module error (retval = PAM_AUTHINFO_UNAVAIL(9), user = 'root')
Feb 17 00:34:01 kali sshd-session[16938]: Failed password for root from 10.0.2.15 port 48204 ssh2
Feb 17 00:34:01 kali sshd-session[16929]: Failed password for root from 10.0.2.15 port 48162 ssh2
Feb 17 00:34:02 kali sshd-session[16911]: Failed password for root from 10.0.2.15 port 48076 ssh2
Feb 17 00:34:03 kali sshd-session[16926]: Failed password for root from 10.0.2.15 port 48154 ssh2
Feb 17 00:34:03 kali sshd-session[16922]: Failed password for root from 10.0.2.15 port 48126 ssh2
Feb 17 00:34:03 kali sshd-session[16917]: Failed password for root from 10.0.2.15 port 48106 ssh2
Feb 17 00:34:03 kali sshd-session[16912]: Failed password for root from 10.0.2.15 port 48080 ssh2
Feb 17 00:34:03 kali sshd-session[16925]: Failed password for root from 10.0.2.15 port 48144 ssh2
Feb 17 00:34:03 kali sshd-session[16933]: Failed password for root from 10.0.2.15 port 48190 ssh2
Feb 17 00:34:03 kali sshd-session[16919]: Failed password for root from 10.0.2.15 port 48118 ssh2
Feb 17 00:34:03 kali sshd-session[16923]: Failed password for root from 10.0.2.15 port 48128 ssh2
Feb 17 00:34:03 kali sshd-session[16915]: Failed password for root from 10.0.2.15 port 48100 ssh2
Feb 17 00:34:03 kali unix_chkpwd[17115]: password check failed for user (root)
Feb 17 00:34:03 kali sshd-session[16911]: pam_winbind(sshd:auth): getting password (0x00000388)
Feb 17 00:34:03 kali sshd-session[16911]: pam_winbind(sshd:auth): pam_get_item returned a password
Feb 17 00:34:03 kali sshd-session[16911]: pam_winbind(sshd:auth): request wbcLogonUser failed: WBC_ERR_WINBIND_NOT_AVAILABLE, PAM error: PAM_AUTHINFO_UNAVAIL (9)!
Feb 17 00:34:03 kali sshd-session[16911]: pam_winbind(sshd:auth): internal module error (retval = PAM_AUTHINFO_UNAVAIL(9), user = 'root')
Feb 17 00:34:03 kali sshd-session[16914]: Failed password for root from 10.0.2.15 port 48098 ssh2
Feb 17 00:34:03 kali unix_chkpwd[17116]: password check failed for user (root)
Feb 17 00:34:03 kali sshd-session[16912]: pam_winbind(sshd:auth): getting password (0x00000388)
Feb 17 00:34:03 kali sshd-session[16912]: pam_winbind(sshd:auth): pam_get_item returned a password
Feb 17 00:34:03 kali sshd-session[16912]: pam_winbind(sshd:auth): request wbcLogonUser failed: WBC_ERR_WINBIND_NOT_AVAILABLE, PAM error: PAM_AUTHINFO_UNAVAIL (9)!
Feb 17 00:34:03 kali sshd-session[16912]: pam_winbind(sshd:auth): internal module error (retval = PAM_AUTHINFO_UNAVAIL(9), user = 'root')
Feb 17 00:34:03 kali unix_chkpwd[17117]: password check failed for user (root)
Feb 17 00:34:03 kali sshd-session[16915]: pam_winbind(sshd:auth): getting password (0x00000388)
Feb 17 00:34:03 kali sshd-session[16915]: pam_winbind(sshd:auth): pam_get_item returned a password
Feb 17 00:34:03 kali sshd-session[16915]: pam_winbind(sshd:auth): request wbcLogonUser failed: WBC_ERR_WINBIND_NOT_AVAILABLE, PAM error: PAM_AUTHINFO_UNAVAIL (9)!
Feb 17 00:34:03 kali sshd-session[16915]: pam_winbind(sshd:auth): internal module error (retval = PAM_AUTHINFO_UNAVAIL(9), user = 'root')
Feb 17 00:34:03 kali unix_chkpwd[17118]: password check failed for user (root)
Feb 17 00:34:03 kali sshd-session[16914]: pam_winbind(sshd:auth): getting password (0x00000388)
Feb 17 00:34:03 kali sshd-session[16914]: pam_winbind(sshd:auth): pam_get_item returned a password
Feb 17 00:34:03 kali sshd-session[16914]: pam_winbind(sshd:auth): request wbcLogonUser failed: WBC_ERR_WINBIND_NOT_AVAILABLE, PAM error: PAM_AUTHINFO_UNAVAIL (9)!
Feb 17 00:34:03 kali sshd-session[16914]: pam_winbind(sshd:auth): internal module error (retval = PAM_AUTHINFO_UNAVAIL(9), user = 'root')
Feb 17 00:34:03 kali unix_chkpwd[17119]: password check failed for user (root)
Feb 17 00:34:03 kali sshd-session[16919]: pam_winbind(sshd:auth): getting password (0x00000388)
Feb 17 00:34:03 kali sshd-session[16919]: pam_winbind(sshd:auth): pam_get_item returned a password
Feb 17 00:34:03 kali sshd-session[16919]: pam_winbind(sshd:auth): request wbcLogonUser failed: WBC_ERR_WINBIND_NOT_AVAILABLE, PAM error: PAM_AUTHINFO_UNAVAIL (9)!
Feb 17 00:34:03 kali sshd-session[16919]: pam_winbind(sshd:auth): internal module error (retval = PAM_AUTHINFO_UNAVAIL(9), user = 'root')
Feb 17 00:34:03 kali unix_chkpwd[17120]: password check failed for user (root)
Feb 17 00:34:03 kali sshd-session[16917]: pam_winbind(sshd:auth): getting password (0x00000388)
Feb 17 00:34:03 kali sshd-session[16917]: pam_winbind(sshd:auth): pam_get_item returned a password
Feb 17 00:34:03 kali sshd-session[16917]: pam_winbind(sshd:auth): request wbcLogonUser failed: WBC_ERR_WINBIND_NOT_AVAILABLE, PAM error: PAM_AUTHINFO_UNAVAIL (9)!
Feb 17 00:34:03 kali sshd-session[16917]: pam_winbind(sshd:auth): internal module error (retval = PAM_AUTHINFO_UNAVAIL(9), user = 'root')
Feb 17 00:34:03 kali sshd-session[16930]: Failed password for root from 10.0.2.15 port 48176 ssh2
Feb 17 00:34:03 kali unix_chkpwd[17121]: password check failed for user (root)
Feb 17 00:34:03 kali sshd-session[16922]: pam_winbind(sshd:auth): getting password (0x00000388)
Feb 17 00:34:03 kali sshd-session[16922]: pam_winbind(sshd:auth): pam_get_item returned a password
Feb 17 00:34:03 kali sshd-session[16922]: pam_winbind(sshd:auth): request wbcLogonUser failed: WBC_ERR_WINBIND_NOT_AVAILABLE, PAM error: PAM_AUTHINFO_UNAVAIL (9)!
Feb 17 00:34:03 kali sshd-session[16922]: pam_winbind(sshd:auth): internal module error (retval = PAM_AUTHINFO_UNAVAIL(9), user = 'root')
Feb 17 00:34:03 kali unix_chkpwd[17122]: password check failed for user (root)
Feb 17 00:34:03 kali sshd-session[16925]: pam_winbind(sshd:auth): getting password (0x00000388)
Feb 17 00:34:03 kali sshd-session[16925]: pam_winbind(sshd:auth): pam_get_item returned a password
Feb 17 00:34:03 kali sshd-session[16925]: pam_winbind(sshd:auth): request wbcLogonUser failed: WBC_ERR_WINBIND_NOT_AVAILABLE, PAM error: PAM_AUTHINFO_UNAVAIL (9)!
Feb 17 00:34:03 kali sshd-session[16925]: pam_winbind(sshd:auth): internal module error (retval = PAM_AUTHINFO_UNAVAIL(9), user = 'root')
Feb 17 00:34:03 kali unix_chkpwd[17123]: password check failed for user (root)
Feb 17 00:34:03 kali unix_chkpwd[17124]: password check failed for user (root)
Feb 17 00:34:03 kali sshd-session[16926]: pam_winbind(sshd:auth): getting password (0x00000388)
Feb 17 00:34:03 kali sshd-session[16926]: pam_winbind(sshd:auth): pam_get_item returned a password
Feb 17 00:34:03 kali sshd-session[16926]: pam_winbind(sshd:auth): request wbcLogonUser failed: WBC_ERR_WINBIND_NOT_AVAILABLE, PAM error: PAM_AUTHINFO_UNAVAIL (9)!
Feb 17 00:34:03 kali sshd-session[16926]: pam_winbind(sshd:auth): internal module error (retval = PAM_AUTHINFO_UNAVAIL(9), user = 'root')
Feb 17 00:34:03 kali sshd-session[16929]: pam_winbind(sshd:auth): getting password (0x00000388)
Feb 17 00:34:03 kali sshd-session[16929]: pam_winbind(sshd:auth): pam_get_item returned a password
Feb 17 00:34:03 kali sshd-session[16929]: pam_winbind(sshd:auth): request wbcLogonUser failed: WBC_ERR_WINBIND_NOT_AVAILABLE, PAM error: PAM_AUTHINFO_UNAVAIL (9)!
Feb 17 00:34:03 kali sshd-session[16929]: pam_winbind(sshd:auth): internal module error (retval = PAM_AUTHINFO_UNAVAIL(9), user = 'root')
Feb 17 00:34:03 kali sshd-session[16923]: error: maximum authentication attempts exceeded for root from 10.0.2.15 port 48128 ssh2 [preauth]
Feb 17 00:34:03 kali sshd[10370]: drop connection #15 from [10.0.2.15]:32894 on [10.0.2.15]:22 Maxstartups
Feb 17 00:34:03 kali sshd-session[16923]: Disconnecting authenticating user root 10.0.2.15 port 48128: Too many authentication failures [preauth]
Feb 17 00:34:03 kali sshd-session[16923]: PAM 5 more authentication failures; logname= uid=0 euid=0 tty=ssh ruser= rhost=10.0.2.15  user=root
Feb 17 00:34:03 kali sshd-session[16923]: PAM service(sshd) ignoring max retries; 6 > 3
Feb 17 00:34:03 kali sshd-session[16933]: error: maximum authentication attempts exceeded for root from 10.0.2.15 port 48190 ssh2 [preauth]
Feb 17 00:34:03 kali sshd-session[16933]: Disconnecting authenticating user root 10.0.2.15 port 48190: Too many authentication failures [preauth]
Feb 17 00:34:03 kali sshd[10370]: drop connection #14 from [10.0.2.15]:32906 on [10.0.2.15]:22 Maxstartups
Feb 17 00:34:03 kali sshd-session[16933]: PAM 5 more authentication failures; logname= uid=0 euid=0 tty=ssh ruser= rhost=10.0.2.15  user=root
Feb 17 00:34:03 kali sshd-session[16933]: PAM service(sshd) ignoring max retries; 6 > 3
Feb 17 00:34:03 kali sshd[10370]: drop connection #14 from [10.0.2.15]:32916 on [10.0.2.15]:22 Maxstartups
Feb 17 00:34:03 kali unix_chkpwd[17130]: password check failed for user (root)
Feb 17 00:34:03 kali unix_chkpwd[17129]: password check failed for user (root)
Feb 17 00:34:03 kali sshd-session[16930]: pam_winbind(sshd:auth): getting password (0x00000388)
Feb 17 00:34:03 kali sshd-session[16930]: pam_winbind(sshd:auth): pam_get_item returned a password
Feb 17 00:34:03 kali sshd-session[16930]: pam_winbind(sshd:auth): request wbcLogonUser failed: WBC_ERR_WINBIND_NOT_AVAILABLE, PAM error: PAM_AUTHINFO_UNAVAIL (9)!
Feb 17 00:34:03 kali sshd-session[16930]: pam_winbind(sshd:auth): internal module error (retval = PAM_AUTHINFO_UNAVAIL(9), user = 'root')
Feb 17 00:34:03 kali sshd-session[16938]: pam_winbind(sshd:auth): getting password (0x00000388)
Feb 17 00:34:03 kali sshd-session[16938]: pam_winbind(sshd:auth): pam_get_item returned a password
Feb 17 00:34:03 kali sshd-session[16938]: pam_winbind(sshd:auth): request wbcLogonUser failed: WBC_ERR_WINBIND_NOT_AVAILABLE, PAM error: PAM_AUTHINFO_UNAVAIL (9)!
Feb 17 00:34:03 kali sshd-session[16938]: pam_winbind(sshd:auth): internal module error (retval = PAM_AUTHINFO_UNAVAIL(9), user = 'root')
Feb 17 00:34:03 kali sshd-session[16913]: Failed password for root from 10.0.2.15 port 48088 ssh2
Feb 17 00:34:03 kali unix_chkpwd[17131]: password check failed for user (root)
Feb 17 00:34:03 kali sshd-session[17126]: pam_unix(sshd:auth): authentication failure; logname= uid=0 euid=0 tty=ssh ruser= rhost=10.0.2.15  user=root
Feb 17 00:34:03 kali sshd-session[17126]: pam_winbind(sshd:auth): getting password (0x00000388)
Feb 17 00:34:03 kali sshd-session[17126]: pam_winbind(sshd:auth): pam_get_item returned a password
Feb 17 00:34:03 kali sshd-session[17126]: pam_winbind(sshd:auth): request wbcLogonUser failed: WBC_ERR_WINBIND_NOT_AVAILABLE, PAM error: PAM_AUTHINFO_UNAVAIL (9)!
Feb 17 00:34:03 kali sshd-session[17126]: pam_winbind(sshd:auth): internal module error (retval = PAM_AUTHINFO_UNAVAIL(9), user = 'root')
Feb 17 00:34:04 kali unix_chkpwd[17135]: password check failed for user (root)
Feb 17 00:34:04 kali sshd-session[17133]: pam_unix(sshd:auth): authentication failure; logname= uid=0 euid=0 tty=ssh ruser= rhost=10.0.2.15  user=root
Feb 17 00:34:04 kali sshd-session[17133]: pam_winbind(sshd:auth): getting password (0x00000388)
Feb 17 00:34:04 kali sshd-session[17133]: pam_winbind(sshd:auth): pam_get_item returned a password
Feb 17 00:34:04 kali sshd-session[17133]: pam_winbind(sshd:auth): request wbcLogonUser failed: WBC_ERR_WINBIND_NOT_AVAILABLE, PAM error: PAM_AUTHINFO_UNAVAIL (9)!
Feb 17 00:34:04 kali sshd-session[17133]: pam_winbind(sshd:auth): internal module error (retval = PAM_AUTHINFO_UNAVAIL(9), user = 'root')
Feb 17 00:34:05 kali sshd-session[16912]: Failed password for root from 10.0.2.15 port 48080 ssh2
Feb 17 00:34:05 kali sshd-session[16915]: Failed password for root from 10.0.2.15 port 48100 ssh2
Feb 17 00:34:05 kali sshd-session[16938]: Failed password for root from 10.0.2.15 port 48204 ssh2
Feb 17 00:34:05 kali sshd-session[16919]: Failed password for root from 10.0.2.15 port 48118 ssh2
Feb 17 00:34:05 kali sshd-session[16914]: Failed password for root from 10.0.2.15 port 48098 ssh2
Feb 17 00:34:05 kali sshd-session[16930]: Failed password for root from 10.0.2.15 port 48176 ssh2
Feb 17 00:34:05 kali sshd-session[16913]: error: maximum authentication attempts exceeded for root from 10.0.2.15 port 48088 ssh2 [preauth]
Feb 17 00:34:05 kali sshd-session[16913]: Disconnecting authenticating user root 10.0.2.15 port 48088: Too many authentication failures [preauth]
Feb 17 00:34:05 kali sshd[10370]: drop connection #15 from [10.0.2.15]:32940 on [10.0.2.15]:22 Maxstartups
Feb 17 00:34:05 kali sshd-session[16926]: Failed password for root from 10.0.2.15 port 48154 ssh2
Feb 17 00:34:05 kali sshd-session[16913]: PAM 5 more authentication failures; logname= uid=0 euid=0 tty=ssh ruser= rhost=10.0.2.15  user=root
Feb 17 00:34:05 kali sshd-session[16913]: PAM service(sshd) ignoring max retries; 6 > 3
Feb 17 00:34:05 kali sshd-session[16912]: error: maximum authentication attempts exceeded for root from 10.0.2.15 port 48080 ssh2 [preauth]
Feb 17 00:34:05 kali sshd-session[16912]: Disconnecting authenticating user root 10.0.2.15 port 48080: Too many authentication failures [preauth]
Feb 17 00:34:05 kali sshd-session[16912]: PAM 5 more authentication failures; logname= uid=0 euid=0 tty=ssh ruser= rhost=10.0.2.15  user=root
Feb 17 00:34:05 kali sshd-session[16912]: PAM service(sshd) ignoring max retries; 6 > 3
Feb 17 00:34:05 kali unix_chkpwd[17154]: password check failed for user (root)
Feb 17 00:34:05 kali sshd-session[16915]: pam_winbind(sshd:auth): getting password (0x00000388)
Feb 17 00:34:05 kali sshd-session[16915]: pam_winbind(sshd:auth): pam_get_item returned a password
Feb 17 00:34:05 kali sshd-session[16915]: pam_winbind(sshd:auth): request wbcLogonUser failed: WBC_ERR_WINBIND_NOT_AVAILABLE, PAM error: PAM_AUTHINFO_UNAVAIL (9)!
Feb 17 00:34:05 kali sshd-session[16915]: pam_winbind(sshd:auth): internal module error (retval = PAM_AUTHINFO_UNAVAIL(9), user = 'root')
Feb 17 00:34:05 kali sshd[10370]: drop connection #14 from [10.0.2.15]:32958 on [10.0.2.15]:22 penalty: failed authentication
Feb 17 00:34:05 kali unix_chkpwd[17156]: password check failed for user (root)
Feb 17 00:34:05 kali sshd-session[16914]: pam_winbind(sshd:auth): getting password (0x00000388)
Feb 17 00:34:05 kali sshd-session[16914]: pam_winbind(sshd:auth): pam_get_item returned a password
Feb 17 00:34:05 kali sshd-session[16914]: pam_winbind(sshd:auth): request wbcLogonUser failed: WBC_ERR_WINBIND_NOT_AVAILABLE, PAM error: PAM_AUTHINFO_UNAVAIL (9)!
Feb 17 00:34:05 kali sshd-session[16914]: pam_winbind(sshd:auth): internal module error (retval = PAM_AUTHINFO_UNAVAIL(9), user = 'root')
Feb 17 00:34:05 kali sshd[10370]: drop connection #14 from [10.0.2.15]:32972 on [10.0.2.15]:22 penalty: failed authentication
Feb 17 00:34:05 kali sshd-session[16919]: error: maximum authentication attempts exceeded for root from 10.0.2.15 port 48118 ssh2 [preauth]
Feb 17 00:34:05 kali sshd-session[16919]: Disconnecting authenticating user root 10.0.2.15 port 48118: Too many authentication failures [preauth]
Feb 17 00:34:05 kali sshd-session[16919]: PAM 5 more authentication failures; logname= uid=0 euid=0 tty=ssh ruser= rhost=10.0.2.15  user=root
Feb 17 00:34:05 kali sshd-session[16919]: PAM service(sshd) ignoring max retries; 6 > 3
Feb 17 00:34:05 kali sshd[10370]: drop connection #13 from [10.0.2.15]:32974 on [10.0.2.15]:22 penalty: failed authentication
Feb 17 00:34:05 kali sshd-session[16929]: Failed password for root from 10.0.2.15 port 48162 ssh2
Feb 17 00:34:05 kali sshd[10370]: drop connection #13 from [10.0.2.15]:32986 on [10.0.2.15]:22 penalty: failed authentication
Feb 17 00:34:05 kali sshd[10370]: drop connection #13 from [10.0.2.15]:32990 on [10.0.2.15]:22 penalty: failed authentication
Feb 17 00:34:05 kali unix_chkpwd[17161]: password check failed for user (root)
Feb 17 00:34:05 kali sshd-session[17152]: pam_unix(sshd:auth): authentication failure; logname= uid=0 euid=0 tty=ssh ruser= rhost=10.0.2.15  user=root
Feb 17 00:34:05 kali sshd-session[17152]: pam_winbind(sshd:auth): getting password (0x00000388)
Feb 17 00:34:05 kali sshd-session[17152]: pam_winbind(sshd:auth): pam_get_item returned a password
Feb 17 00:34:05 kali sshd-session[17152]: pam_winbind(sshd:auth): request wbcLogonUser failed: WBC_ERR_WINBIND_NOT_AVAILABLE, PAM error: PAM_AUTHINFO_UNAVAIL (9)!
Feb 17 00:34:05 kali sshd-session[17152]: pam_winbind(sshd:auth): internal module error (retval = PAM_AUTHINFO_UNAVAIL(9), user = 'root')
Feb 17 00:34:05 kali sshd[10370]: drop connection #13 from [10.0.2.15]:33000 on [10.0.2.15]:22 penalty: failed authentication
Feb 17 00:34:05 kali sshd[10370]: drop connection #13 from [10.0.2.15]:33012 on [10.0.2.15]:22 penalty: failed authentication
Feb 17 00:34:05 kali unix_chkpwd[17164]: password check failed for user (root)
Feb 17 00:34:05 kali sshd-session[16929]: pam_winbind(sshd:auth): getting password (0x00000388)
Feb 17 00:34:05 kali sshd-session[16929]: pam_winbind(sshd:auth): pam_get_item returned a password
Feb 17 00:34:05 kali sshd-session[16929]: pam_winbind(sshd:auth): request wbcLogonUser failed: WBC_ERR_WINBIND_NOT_AVAILABLE, PAM error: PAM_AUTHINFO_UNAVAIL (9)!
Feb 17 00:34:05 kali sshd-session[16929]: pam_winbind(sshd:auth): internal module error (retval = PAM_AUTHINFO_UNAVAIL(9), user = 'root')
Feb 17 00:34:05 kali unix_chkpwd[17165]: password check failed for user (root)
Feb 17 00:34:05 kali sshd-session[16926]: pam_winbind(sshd:auth): getting password (0x00000388)
Feb 17 00:34:05 kali sshd-session[16926]: pam_winbind(sshd:auth): pam_get_item returned a password
Feb 17 00:34:05 kali sshd-session[16926]: pam_winbind(sshd:auth): request wbcLogonUser failed: WBC_ERR_WINBIND_NOT_AVAILABLE, PAM error: PAM_AUTHINFO_UNAVAIL (9)!
Feb 17 00:34:05 kali sshd-session[16926]: pam_winbind(sshd:auth): internal module error (retval = PAM_AUTHINFO_UNAVAIL(9), user = 'root')
Feb 17 00:34:05 kali sshd-session[16930]: error: maximum authentication attempts exceeded for root from 10.0.2.15 port 48176 ssh2 [preauth]
Feb 17 00:34:05 kali sshd-session[16930]: Disconnecting authenticating user root 10.0.2.15 port 48176: Too many authentication failures [preauth]
Feb 17 00:34:05 kali sshd-session[16930]: PAM 5 more authentication failures; logname= uid=0 euid=0 tty=ssh ruser= rhost=10.0.2.15  user=root
Feb 17 00:34:05 kali sshd-session[16930]: PAM service(sshd) ignoring max retries; 6 > 3
Feb 17 00:34:05 kali unix_chkpwd[17168]: password check failed for user (root)
Feb 17 00:34:05 kali sshd-session[16938]: pam_winbind(sshd:auth): getting password (0x00000388)
Feb 17 00:34:05 kali sshd-session[16938]: pam_winbind(sshd:auth): pam_get_item returned a password
Feb 17 00:34:05 kali sshd-session[16938]: pam_winbind(sshd:auth): request wbcLogonUser failed: WBC_ERR_WINBIND_NOT_AVAILABLE, PAM error: PAM_AUTHINFO_UNAVAIL (9)!
Feb 17 00:34:05 kali sshd-session[16938]: pam_winbind(sshd:auth): internal module error (retval = PAM_AUTHINFO_UNAVAIL(9), user = 'root')
Feb 17 00:34:06 kali sshd-session[16922]: Failed password for root from 10.0.2.15 port 48126 ssh2
Feb 17 00:34:06 kali sshd-session[16911]: Failed password for root from 10.0.2.15 port 48076 ssh2
Feb 17 00:34:06 kali sshd-session[17133]: Failed password for root from 10.0.2.15 port 32932 ssh2
Feb 17 00:34:06 kali sshd-session[17126]: Failed password for root from 10.0.2.15 port 32908 ssh2
Feb 17 00:34:06 kali sshd-session[16925]: Failed password for root from 10.0.2.15 port 48144 ssh2
Feb 17 00:34:06 kali unix_chkpwd[17170]: password check failed for user (root)
Feb 17 00:34:06 kali sshd-session[17133]: pam_winbind(sshd:auth): getting password (0x00000388)
Feb 17 00:34:06 kali sshd-session[17133]: pam_winbind(sshd:auth): pam_get_item returned a password
Feb 17 00:34:06 kali sshd-session[17133]: pam_winbind(sshd:auth): request wbcLogonUser failed: WBC_ERR_WINBIND_NOT_AVAILABLE, PAM error: PAM_AUTHINFO_UNAVAIL (9)!
Feb 17 00:34:06 kali sshd-session[17133]: pam_winbind(sshd:auth): internal module error (retval = PAM_AUTHINFO_UNAVAIL(9), user = 'root')
Feb 17 00:34:06 kali sshd-session[16917]: Failed password for root from 10.0.2.15 port 48106 ssh2
Feb 17 00:34:07 kali sshd-session[17152]: Failed password for root from 10.0.2.15 port 32942 ssh2
Feb 17 00:34:07 kali sshd-session[16915]: Failed password for root from 10.0.2.15 port 48100 ssh2
Feb 17 00:34:07 kali sshd-session[16929]: Failed password for root from 10.0.2.15 port 48162 ssh2
Feb 17 00:34:07 kali unix_chkpwd[17187]: password check failed for user (root)
Feb 17 00:34:07 kali sshd-session[16911]: pam_winbind(sshd:auth): getting password (0x00000388)
Feb 17 00:34:07 kali sshd-session[16911]: pam_winbind(sshd:auth): pam_get_item returned a password
Feb 17 00:34:07 kali sshd-session[16911]: pam_winbind(sshd:auth): request wbcLogonUser failed: WBC_ERR_WINBIND_NOT_AVAILABLE, PAM error: PAM_AUTHINFO_UNAVAIL (9)!
Feb 17 00:34:07 kali sshd-session[16911]: pam_winbind(sshd:auth): internal module error (retval = PAM_AUTHINFO_UNAVAIL(9), user = 'root')
Feb 17 00:34:07 kali sshd-session[16915]: error: maximum authentication attempts exceeded for root from 10.0.2.15 port 48100 ssh2 [preauth]
Feb 17 00:34:07 kali sshd-session[16915]: Disconnecting authenticating user root 10.0.2.15 port 48100: Too many authentication failures [preauth]
Feb 17 00:34:07 kali sshd-session[16915]: PAM 5 more authentication failures; logname= uid=0 euid=0 tty=ssh ruser= rhost=10.0.2.15  user=root
Feb 17 00:34:07 kali sshd-session[16915]: PAM service(sshd) ignoring max retries; 6 > 3
Feb 17 00:34:07 kali sshd-session[16938]: Failed password for root from 10.0.2.15 port 48204 ssh2
Feb 17 00:34:08 kali unix_chkpwd[17188]: password check failed for user (root)
Feb 17 00:34:08 kali sshd-session[16917]: pam_winbind(sshd:auth): getting password (0x00000388)
Feb 17 00:34:08 kali sshd-session[16917]: pam_winbind(sshd:auth): pam_get_item returned a password
Feb 17 00:34:08 kali sshd-session[16917]: pam_winbind(sshd:auth): request wbcLogonUser failed: WBC_ERR_WINBIND_NOT_AVAILABLE, PAM error: PAM_AUTHINFO_UNAVAIL (9)!
Feb 17 00:34:08 kali sshd-session[16917]: pam_winbind(sshd:auth): internal module error (retval = PAM_AUTHINFO_UNAVAIL(9), user = 'root')
Feb 17 00:34:08 kali sshd-session[17133]: Failed password for root from 10.0.2.15 port 32932 ssh2
Feb 17 00:34:08 kali sshd-session[16922]: error: maximum authentication attempts exceeded for root from 10.0.2.15 port 48126 ssh2 [preauth]
Feb 17 00:34:08 kali sshd-session[16922]: Disconnecting authenticating user root 10.0.2.15 port 48126: Too many authentication failures [preauth]
Feb 17 00:34:08 kali sshd-session[16922]: PAM 5 more authentication failures; logname= uid=0 euid=0 tty=ssh ruser= rhost=10.0.2.15  user=root
Feb 17 00:34:08 kali sshd-session[16922]: PAM service(sshd) ignoring max retries; 6 > 3
Feb 17 00:34:08 kali unix_chkpwd[17189]: password check failed for user (root)
Feb 17 00:34:08 kali sshd-session[17152]: pam_winbind(sshd:auth): getting password (0x00000388)
Feb 17 00:34:08 kali sshd-session[17152]: pam_winbind(sshd:auth): pam_get_item returned a password
Feb 17 00:34:08 kali sshd-session[17152]: pam_winbind(sshd:auth): request wbcLogonUser failed: WBC_ERR_WINBIND_NOT_AVAILABLE, PAM error: PAM_AUTHINFO_UNAVAIL (9)!
Feb 17 00:34:08 kali sshd-session[17152]: pam_winbind(sshd:auth): internal module error (retval = PAM_AUTHINFO_UNAVAIL(9), user = 'root')
Feb 17 00:34:08 kali unix_chkpwd[17190]: password check failed for user (root)
Feb 17 00:34:08 kali sshd-session[16925]: pam_winbind(sshd:auth): getting password (0x00000388)
Feb 17 00:34:08 kali sshd-session[16925]: pam_winbind(sshd:auth): pam_get_item returned a password
Feb 17 00:34:08 kali sshd-session[16925]: pam_winbind(sshd:auth): request wbcLogonUser failed: WBC_ERR_WINBIND_NOT_AVAILABLE, PAM error: PAM_AUTHINFO_UNAVAIL (9)!
Feb 17 00:34:08 kali sshd-session[16925]: pam_winbind(sshd:auth): internal module error (retval = PAM_AUTHINFO_UNAVAIL(9), user = 'root')
Feb 17 00:34:08 kali sshd-session[16929]: error: maximum authentication attempts exceeded for root from 10.0.2.15 port 48162 ssh2 [preauth]
Feb 17 00:34:08 kali sshd-session[16929]: Disconnecting authenticating user root 10.0.2.15 port 48162: Too many authentication failures [preauth]
Feb 17 00:34:08 kali sshd-session[16929]: PAM 5 more authentication failures; logname= uid=0 euid=0 tty=ssh ruser= rhost=10.0.2.15  user=root
Feb 17 00:34:08 kali sshd-session[16929]: PAM service(sshd) ignoring max retries; 6 > 3
Feb 17 00:34:08 kali sshd-session[16914]: Failed password for root from 10.0.2.15 port 48098 ssh2
Feb 17 00:34:08 kali sshd-session[16938]: error: maximum authentication attempts exceeded for root from 10.0.2.15 port 48204 ssh2 [preauth]
Feb 17 00:34:08 kali sshd-session[16938]: Disconnecting authenticating user root 10.0.2.15 port 48204: Too many authentication failures [preauth]
Feb 17 00:34:08 kali sshd-session[16938]: PAM 5 more authentication failures; logname= uid=0 euid=0 tty=ssh ruser= rhost=10.0.2.15  user=root
Feb 17 00:34:08 kali sshd-session[16938]: PAM service(sshd) ignoring max retries; 6 > 3
Feb 17 00:34:08 kali unix_chkpwd[17191]: password check failed for user (root)
Feb 17 00:34:08 kali sshd-session[17126]: pam_winbind(sshd:auth): getting password (0x00000388)
Feb 17 00:34:08 kali sshd-session[17126]: pam_winbind(sshd:auth): pam_get_item returned a password
Feb 17 00:34:08 kali sshd-session[17126]: pam_winbind(sshd:auth): request wbcLogonUser failed: WBC_ERR_WINBIND_NOT_AVAILABLE, PAM error: PAM_AUTHINFO_UNAVAIL (9)!
Feb 17 00:34:08 kali sshd-session[17126]: pam_winbind(sshd:auth): internal module error (retval = PAM_AUTHINFO_UNAVAIL(9), user = 'root')
Feb 17 00:34:08 kali sshd-session[16926]: Failed password for root from 10.0.2.15 port 48154 ssh2
Feb 17 00:34:08 kali unix_chkpwd[17200]: password check failed for user (root)
Feb 17 00:34:08 kali sshd-session[17133]: pam_winbind(sshd:auth): getting password (0x00000388)
Feb 17 00:34:08 kali sshd-session[17133]: pam_winbind(sshd:auth): pam_get_item returned a password
Feb 17 00:34:08 kali sshd-session[17133]: pam_winbind(sshd:auth): request wbcLogonUser failed: WBC_ERR_WINBIND_NOT_AVAILABLE, PAM error: PAM_AUTHINFO_UNAVAIL (9)!
Feb 17 00:34:08 kali sshd-session[17133]: pam_winbind(sshd:auth): internal module error (retval = PAM_AUTHINFO_UNAVAIL(9), user = 'root')
Feb 17 00:34:09 kali sshd-session[16911]: Failed password for root from 10.0.2.15 port 48076 ssh2
Feb 17 00:34:09 kali sshd-session[16917]: Failed password for root from 10.0.2.15 port 48106 ssh2
Feb 17 00:34:10 kali sshd-session[16925]: Failed password for root from 10.0.2.15 port 48144 ssh2
Feb 17 00:34:10 kali sshd-session[16911]: error: maximum authentication attempts exceeded for root from 10.0.2.15 port 48076 ssh2 [preauth]
Feb 17 00:34:10 kali sshd-session[16911]: Disconnecting authenticating user root 10.0.2.15 port 48076: Too many authentication failures [preauth]
Feb 17 00:34:10 kali sshd-session[16911]: PAM 5 more authentication failures; logname= uid=0 euid=0 tty=ssh ruser= rhost=10.0.2.15  user=root
Feb 17 00:34:10 kali sshd-session[16911]: PAM service(sshd) ignoring max retries; 6 > 3
Feb 17 00:34:10 kali sshd-session[16914]: error: maximum authentication attempts exceeded for root from 10.0.2.15 port 48098 ssh2 [preauth]
Feb 17 00:34:10 kali sshd-session[16914]: Disconnecting authenticating user root 10.0.2.15 port 48098: Too many authentication failures [preauth]
Feb 17 00:34:10 kali sshd-session[16914]: PAM 5 more authentication failures; logname= uid=0 euid=0 tty=ssh ruser= rhost=10.0.2.15  user=root
Feb 17 00:34:10 kali sshd-session[16914]: PAM service(sshd) ignoring max retries; 6 > 3
Feb 17 00:34:10 kali sshd-session[16917]: error: maximum authentication attempts exceeded for root from 10.0.2.15 port 48106 ssh2 [preauth]
Feb 17 00:34:10 kali sshd-session[16917]: Disconnecting authenticating user root 10.0.2.15 port 48106: Too many authentication failures [preauth]
Feb 17 00:34:10 kali sshd-session[16917]: PAM 5 more authentication failures; logname= uid=0 euid=0 tty=ssh ruser= rhost=10.0.2.15  user=root
Feb 17 00:34:10 kali sshd-session[16917]: PAM service(sshd) ignoring max retries; 6 > 3
Feb 17 00:34:10 kali sshd-session[16925]: error: maximum authentication attempts exceeded for root from 10.0.2.15 port 48144 ssh2 [preauth]
Feb 17 00:34:10 kali sshd-session[16925]: Disconnecting authenticating user root 10.0.2.15 port 48144: Too many authentication failures [preauth]
Feb 17 00:34:10 kali sshd-session[16925]: PAM 5 more authentication failures; logname= uid=0 euid=0 tty=ssh ruser= rhost=10.0.2.15  user=root
Feb 17 00:34:10 kali sshd-session[16925]: PAM service(sshd) ignoring max retries; 6 > 3
Feb 17 00:34:10 kali sshd-session[16926]: error: maximum authentication attempts exceeded for root from 10.0.2.15 port 48154 ssh2 [preauth]
Feb 17 00:34:10 kali sshd-session[16926]: Disconnecting authenticating user root 10.0.2.15 port 48154: Too many authentication failures [preauth]
Feb 17 00:34:10 kali sshd-session[16926]: PAM 5 more authentication failures; logname= uid=0 euid=0 tty=ssh ruser= rhost=10.0.2.15  user=root
Feb 17 00:34:10 kali sshd-session[16926]: PAM service(sshd) ignoring max retries; 6 > 3
Feb 17 00:34:10 kali sshd-session[17126]: Failed password for root from 10.0.2.15 port 32908 ssh2
Feb 17 00:34:10 kali sshd-session[17133]: Failed password for root from 10.0.2.15 port 32932 ssh2
Feb 17 00:34:10 kali unix_chkpwd[17217]: password check failed for user (root)
Feb 17 00:34:10 kali sshd-session[17133]: pam_winbind(sshd:auth): getting password (0x00000388)
Feb 17 00:34:10 kali sshd-session[17133]: pam_winbind(sshd:auth): pam_get_item returned a password
Feb 17 00:34:10 kali sshd-session[17133]: pam_winbind(sshd:auth): request wbcLogonUser failed: WBC_ERR_WINBIND_NOT_AVAILABLE, PAM error: PAM_AUTHINFO_UNAVAIL (9)!
Feb 17 00:34:10 kali sshd-session[17133]: pam_winbind(sshd:auth): internal module error (retval = PAM_AUTHINFO_UNAVAIL(9), user = 'root')
Feb 17 00:34:10 kali sshd-session[17152]: Failed password for root from 10.0.2.15 port 32942 ssh2
Feb 17 00:34:12 kali sshd-session[17133]: Failed password for root from 10.0.2.15 port 32932 ssh2
Feb 17 00:34:12 kali unix_chkpwd[17233]: password check failed for user (root)
Feb 17 00:34:12 kali sshd-session[17152]: pam_winbind(sshd:auth): getting password (0x00000388)
Feb 17 00:34:12 kali sshd-session[17152]: pam_winbind(sshd:auth): pam_get_item returned a password
Feb 17 00:34:12 kali sshd-session[17152]: pam_winbind(sshd:auth): request wbcLogonUser failed: WBC_ERR_WINBIND_NOT_AVAILABLE, PAM error: PAM_AUTHINFO_UNAVAIL (9)!
Feb 17 00:34:12 kali sshd-session[17152]: pam_winbind(sshd:auth): internal module error (retval = PAM_AUTHINFO_UNAVAIL(9), user = 'root')
Feb 17 00:34:12 kali unix_chkpwd[17235]: password check failed for user (root)
Feb 17 00:34:12 kali sshd-session[17126]: pam_winbind(sshd:auth): getting password (0x00000388)
Feb 17 00:34:12 kali sshd-session[17126]: pam_winbind(sshd:auth): pam_get_item returned a password
Feb 17 00:34:12 kali sshd-session[17126]: pam_winbind(sshd:auth): request wbcLogonUser failed: WBC_ERR_WINBIND_NOT_AVAILABLE, PAM error: PAM_AUTHINFO_UNAVAIL (9)!
Feb 17 00:34:12 kali sshd-session[17126]: pam_winbind(sshd:auth): internal module error (retval = PAM_AUTHINFO_UNAVAIL(9), user = 'root')
Feb 17 00:34:12 kali unix_chkpwd[17236]: password check failed for user (root)
Feb 17 00:34:12 kali sshd-session[17133]: pam_winbind(sshd:auth): getting password (0x00000388)
Feb 17 00:34:12 kali sshd-session[17133]: pam_winbind(sshd:auth): pam_get_item returned a password
Feb 17 00:34:12 kali sshd-session[17133]: pam_winbind(sshd:auth): request wbcLogonUser failed: WBC_ERR_WINBIND_NOT_AVAILABLE, PAM error: PAM_AUTHINFO_UNAVAIL (9)!
Feb 17 00:34:12 kali sshd-session[17133]: pam_winbind(sshd:auth): internal module error (retval = PAM_AUTHINFO_UNAVAIL(9), user = 'root')
Feb 17 00:34:13 kali sshd-session[17126]: Failed password for root from 10.0.2.15 port 32908 ssh2
Feb 17 00:34:14 kali sshd-session[17152]: Failed password for root from 10.0.2.15 port 32942 ssh2
Feb 17 00:34:14 kali unix_chkpwd[17253]: password check failed for user (root)
Feb 17 00:34:14 kali sshd-session[17152]: pam_winbind(sshd:auth): getting password (0x00000388)
Feb 17 00:34:14 kali sshd-session[17152]: pam_winbind(sshd:auth): pam_get_item returned a password
Feb 17 00:34:14 kali sshd-session[17152]: pam_winbind(sshd:auth): request wbcLogonUser failed: WBC_ERR_WINBIND_NOT_AVAILABLE, PAM error: PAM_AUTHINFO_UNAVAIL (9)!
Feb 17 00:34:14 kali sshd-session[17152]: pam_winbind(sshd:auth): internal module error (retval = PAM_AUTHINFO_UNAVAIL(9), user = 'root')
Feb 17 00:34:14 kali unix_chkpwd[17254]: password check failed for user (root)
Feb 17 00:34:14 kali sshd-session[17126]: pam_winbind(sshd:auth): getting password (0x00000388)
Feb 17 00:34:14 kali sshd-session[17126]: pam_winbind(sshd:auth): pam_get_item returned a password
Feb 17 00:34:14 kali sshd-session[17126]: pam_winbind(sshd:auth): request wbcLogonUser failed: WBC_ERR_WINBIND_NOT_AVAILABLE, PAM error: PAM_AUTHINFO_UNAVAIL (9)!
Feb 17 00:34:14 kali sshd-session[17126]: pam_winbind(sshd:auth): internal module error (retval = PAM_AUTHINFO_UNAVAIL(9), user = 'root')
Feb 17 00:34:14 kali sshd-session[17133]: Failed password for root from 10.0.2.15 port 32932 ssh2
Feb 17 00:34:15 kali unix_chkpwd[17255]: password check failed for user (root)
Feb 17 00:34:15 kali sshd-session[17133]: pam_winbind(sshd:auth): getting password (0x00000388)
Feb 17 00:34:15 kali sshd-session[17133]: pam_winbind(sshd:auth): pam_get_item returned a password
Feb 17 00:34:15 kali sshd-session[17133]: pam_winbind(sshd:auth): request wbcLogonUser failed: WBC_ERR_WINBIND_NOT_AVAILABLE, PAM error: PAM_AUTHINFO_UNAVAIL (9)!
Feb 17 00:34:15 kali sshd-session[17133]: pam_winbind(sshd:auth): internal module error (retval = PAM_AUTHINFO_UNAVAIL(9), user = 'root')
Feb 17 00:34:16 kali sshd-session[17126]: Failed password for root from 10.0.2.15 port 32908 ssh2
Feb 17 00:34:16 kali sshd-session[17152]: Failed password for root from 10.0.2.15 port 32942 ssh2
Feb 17 00:34:16 kali unix_chkpwd[17272]: password check failed for user (root)
Feb 17 00:34:16 kali sshd-session[17152]: pam_winbind(sshd:auth): getting password (0x00000388)
Feb 17 00:34:16 kali sshd-session[17152]: pam_winbind(sshd:auth): pam_get_item returned a password
Feb 17 00:34:16 kali sshd-session[17152]: pam_winbind(sshd:auth): request wbcLogonUser failed: WBC_ERR_WINBIND_NOT_AVAILABLE, PAM error: PAM_AUTHINFO_UNAVAIL (9)!
Feb 17 00:34:16 kali sshd-session[17152]: pam_winbind(sshd:auth): internal module error (retval = PAM_AUTHINFO_UNAVAIL(9), user = 'root')
Feb 17 00:34:16 kali unix_chkpwd[17273]: password check failed for user (root)
Feb 17 00:34:16 kali sshd-session[17126]: pam_winbind(sshd:auth): getting password (0x00000388)
Feb 17 00:34:16 kali sshd-session[17126]: pam_winbind(sshd:auth): pam_get_item returned a password
Feb 17 00:34:16 kali sshd-session[17126]: pam_winbind(sshd:auth): request wbcLogonUser failed: WBC_ERR_WINBIND_NOT_AVAILABLE, PAM error: PAM_AUTHINFO_UNAVAIL (9)!
Feb 17 00:34:16 kali sshd-session[17126]: pam_winbind(sshd:auth): internal module error (retval = PAM_AUTHINFO_UNAVAIL(9), user = 'root')
Feb 17 00:34:17 kali sshd-session[17133]: Failed password for root from 10.0.2.15 port 32932 ssh2
Feb 17 00:34:19 kali sshd-session[17152]: Failed password for root from 10.0.2.15 port 32942 ssh2
Feb 17 00:34:19 kali sshd-session[17133]: error: maximum authentication attempts exceeded for root from 10.0.2.15 port 32932 ssh2 [preauth]
Feb 17 00:34:19 kali sshd-session[17133]: Disconnecting authenticating user root 10.0.2.15 port 32932: Too many authentication failures [preauth]
Feb 17 00:34:19 kali sshd-session[17133]: PAM 5 more authentication failures; logname= uid=0 euid=0 tty=ssh ruser= rhost=10.0.2.15  user=root
Feb 17 00:34:19 kali sshd-session[17133]: PAM service(sshd) ignoring max retries; 6 > 3
Feb 17 00:34:19 kali sshd-session[17126]: Failed password for root from 10.0.2.15 port 32908 ssh2
Feb 17 00:34:21 kali unix_chkpwd[17312]: password check failed for user (root)
Feb 17 00:34:21 kali sshd-session[17152]: pam_winbind(sshd:auth): getting password (0x00000388)
Feb 17 00:34:21 kali sshd-session[17152]: pam_winbind(sshd:auth): pam_get_item returned a password
Feb 17 00:34:21 kali sshd-session[17152]: pam_winbind(sshd:auth): request wbcLogonUser failed: WBC_ERR_WINBIND_NOT_AVAILABLE, PAM error: PAM_AUTHINFO_UNAVAIL (9)!
Feb 17 00:34:21 kali sshd-session[17152]: pam_winbind(sshd:auth): internal module error (retval = PAM_AUTHINFO_UNAVAIL(9), user = 'root')
Feb 17 00:34:21 kali unix_chkpwd[17313]: password check failed for user (root)
Feb 17 00:34:21 kali sshd-session[17126]: pam_winbind(sshd:auth): getting password (0x00000388)
Feb 17 00:34:21 kali sshd-session[17126]: pam_winbind(sshd:auth): pam_get_item returned a password
Feb 17 00:34:21 kali sshd-session[17126]: pam_winbind(sshd:auth): request wbcLogonUser failed: WBC_ERR_WINBIND_NOT_AVAILABLE, PAM error: PAM_AUTHINFO_UNAVAIL (9)!
Feb 17 00:34:21 kali sshd-session[17126]: pam_winbind(sshd:auth): internal module error (retval = PAM_AUTHINFO_UNAVAIL(9), user = 'root')
Feb 17 00:34:23 kali sshd-session[17152]: Failed password for root from 10.0.2.15 port 32942 ssh2
Feb 17 00:34:23 kali sshd-session[17126]: Failed password for root from 10.0.2.15 port 32908 ssh2
Feb 17 00:34:25 kali sshd-session[17152]: error: maximum authentication attempts exceeded for root from 10.0.2.15 port 32942 ssh2 [preauth]
Feb 17 00:34:25 kali sshd-session[17152]: Disconnecting authenticating user root 10.0.2.15 port 32942: Too many authentication failures [preauth]
Feb 17 00:34:25 kali sshd-session[17152]: PAM 5 more authentication failures; logname= uid=0 euid=0 tty=ssh ruser= rhost=10.0.2.15  user=root
Feb 17 00:34:25 kali sshd-session[17152]: PAM service(sshd) ignoring max retries; 6 > 3
Feb 17 00:34:25 kali sshd-session[17126]: error: maximum authentication attempts exceeded for root from 10.0.2.15 port 32908 ssh2 [preauth]
Feb 17 00:34:25 kali sshd-session[17126]: Disconnecting authenticating user root 10.0.2.15 port 32908: Too many authentication failures [preauth]
Feb 17 00:34:25 kali sshd-session[17126]: PAM 5 more authentication failures; logname= uid=0 euid=0 tty=ssh ruser= rhost=10.0.2.15  user=root
Feb 17 00:34:25 kali sshd-session[17126]: PAM service(sshd) ignoring max retries; 6 > 3
Feb 17 00:34:38 kali kernel: 05:30:35.040302 SHCLX11   Shared Clipboard: Converting VBox formats 'BITMAP' to 'INVALID' for X11 (idxFmtX11=0, fmtX11=0, atomT
Feb 17 00:34:38 kali kernel: 05:34:38.200494 SHCLX11   Shared Clipboard: Converting VBox formats 'BITMAP' to 'INVALID' for X11 (idxFmtX11=0, fmtX11=0, atomT
Feb 17 00:34:38 kali kernel: 05:34:38.213353 SHCLX11   Shared Clipboard: Converting VBox formats 'BITMAP' to 'INVALID' for X11 (idxFmtX11=0, fmtX11=0, atomT
Feb 17 00:35:01 kali CRON[17645]: pam_unix(cron:session): session opened for user root(uid=0) by root(uid=0)
Feb 17 00:35:01 kali CRON[17647]: (root) CMD (command -v debian-sa1 > /dev/null && debian-sa1 1 1)
Feb 17 00:35:01 kali CRON[17645]: pam_unix(cron:session): session closed for user root
Feb 17 00:36:35 kali sudo[18440]:     kali : TTY=pts/0 ; PWD=/home/kali ; USER=root ; COMMAND=/usr/bin/journalctl _COMM=sshd
Feb 17 00:36:35 kali sudo[18440]: pam_unix(sudo:session): session opened for user root(uid=0) by kali(uid=1000)
Feb 17 00:36:35 kali sudo[18440]: pam_unix(sudo:session): session closed for user root
Feb 17 00:37:07 kali sudo[18726]:     kali : TTY=pts/0 ; PWD=/home/kali ; USER=root ; COMMAND=/usr/bin/journalctl
Feb 17 00:37:07 kali sudo[18726]: pam_unix(sudo:session): session opened for user root(uid=0) by kali(uid=1000)
